movie_id,        Movie Title,          Genres,IMDb Ratings,                     Actors,        Director,Music Composer,Singers,Songs,Budget (in Cr),Box Office Collection (in Cr),year,poster_url,trailer,Platform,Age Group,
1,PK,"Comedy, Drama",8.2,"Aamir Khan, Anushka Sharma",Rajkumar Hirani,"Shantanu Moitra, Ajay-Atul","Sonu Nigam, Shreya Ghoshal","Tharki Chokro,Love is a Waste of Time,Nanga Punga Dost,Chaar Kadam,Bhagwan Hai Kahan Re Tu,Dil Darbadar",85,854,2014,https://encrypted-tbn0.gstatic.com/images?q=tbn:ANd9GcT2FV_zTaMbFBBdsf_-RfdWTf7ES38QXjIiGLbzpYNjS5GRk2Sf,https://youtu.be/SOXWc32k4zA?si=7_VTvZs-OHX1OiDY,Netflix,13+ (UA),
2,Queen,"Comedy, Drama",8.1,"Kangana Ranaut, Rajkummar Rao",Vikas Bahl,Amit Trivedi,"Shekhar Ravjiani, Nandini Srikar","London Thumakda, Badra Bahar, O Gujariya, Taake Jhaanke, Jugni, Harjaiyaan, Kinare, Ranjha",20,222,2014,https://upload.wikimedia.org/wikipedia/en/4/45/QueenMoviePoster7thMarch.jpg,https://www.youtube.com/watch?v=eLUHD-DUpnk,Netflix,13+ (UA),
3,Kick,"Action, Thriller",5.3,"Salman Khan, Jacqueline Fernandez",Sajid Nadiadwala,Himesh Reshammiya,"Yo Yo Honey Singh, Mika Singh","Jeene Ke Hai Chaar Din, Jumme Ki Raat, Hangover, Devil, Tu Hi Tu, Yaar Naa Miley",140,377,2014,https://upload.wikimedia.org/wikipedia/en/b/b6/Kick_%282014_film%29_Official_release_poster.jpg,https://www.youtube.com/watch?v=u-j1nx_HY5o,Amazon Prime,13+ (UA),
4,Highway,"Drama, Romance",7.6,"Alia Bhatt, Randeep Hooda",Imtiaz Ali,A.R. Rahman,"Sunidhi Chauhan, Arijit Singh","Patakha Guddi, Maahi Ve, Khamakha, Horizon, Implosive Silence, The Highway Theme",25,47,2014,https://upload.wikimedia.org/wikipedia/en/7/72/Highway_Hindi_Film_Poster.jpg,https://www.youtube.com/watch?v=Lhr-w2-p7Ts,Disney+ Hotstar,13+ (UA),
5,Haider,"Drama, Thriller",8,"Shahid Kapoor, Tabu",Vishal Bhardwaj,Vishal Bhardwaj,"Rekha Bhardwaj, Sukhwinder Singh","Bismil, Aaj Ke Baad, Ghazab Ka Hai Din, Jo Bhi Hamsafar, Khul Kabhi Toh, Aur Ho",36,68,2014,https://upload.wikimedia.org/wikipedia/en/f/f1/Haider_Poster.jpg,https://www.youtube.com/watch?v=ZmN_VSo8DOo,Netflix,16+ (UA/A),
6,Bang Bang!,"Action, Adventure",5.5,"Hrithik Roshan, Katrina Kaif",Siddharth Anand,Vishal-Shekhar,"Arijit Singh, Shilpa Rao","Bang Bang, Tu Meri, Meherbani, Uff, Aaj Ki Raat, Phoolon Jaisi, Rehnuma",150,340,2014,https://upload.wikimedia.org/wikipedia/en/9/90/Bang_Bang_%282014_Film%29.jpg,https://www.youtube.com/watch?v=NhIFVlsHzwQ,Disney+ Hotstar,13+ (UA),
7,2 States,"Drama, Romance",6.9,"Arjun Kapoor, Alia Bhatt",Abhishek Varman,Shankar-Ehsaan-Loy,"Arijit Singh, Chinmayi","Locha-E-Ulfat, Mast Magan, Iski Uski, Offo, Samjhawan, Chaandaniya, Mr. Malang, Khambe Jaisi Khadi Hai, Happy Singing",45,175,2014,https://upload.wikimedia.org/wikipedia/en/1/12/2_States_poster.jpg,https://www.youtube.com/watch?v=IYE0-PoFkNo,Netflix,13+ (UA),
8,Mary Kom,"Biography, Sports",6.8,"Priyanka Chopra, Darshan Kumar",Omung Kumar,Shashi Suman,"Sunidhi Chauhan, Vishal Dadlani","Ziddi Dil,Sukoon Mila,Adhure,Teri Baari",20,104,2014,https://upload.wikimedia.org/wikipedia/en/c/c8/MaryKomPoster.jpg,https://www.youtube.com/watch?v=OxsKcx1IwI8,Netflix,13+ (UA),
9,Hasee Toh Phasee,"Comedy, Romance",6.8,"Sidharth Malhotra, Parineeti Chopra",Vinil Mathew,Vishal-Shekhar,"Benny Dayal, Niti Mohan","Drama Queen, Phoolon Ka Taron Ka, Shake It Like Shammi, Zehnaseeb, Mahi Aaja, Manchala",25,63,2014,https://upload.wikimedia.org/wikipedia/en/2/2b/Haseetohphasee_poster.jpg,https://www.youtube.com/watch?v=zV4yDmtoAMc,Netflix,13+ (UA),
10,Happy New Year,"Comedy, Drama",5,"Shah Rukh Khan, Deepika Padukone",Farah Khan,Vishal-Shekhar,"Kanika Kapoor, Neeti Mohan","India Waale, Lovely, Manwa Laage, Tu Hi Tu, The Party Is Over Now, Satakli, Right Now, Camry, Sharabi",150,408,2014,https://upload.wikimedia.org/wikipedia/en/f/f0/Happy_New_Year_Poster_%282014_film%29.jpg,https://www.youtube.com/watch?v=SrJhqxYRJBU,Zee5,13+ (UA),
11,Ek Villain,"Thriller, Drama",6.4,"Sidharth Malhotra, Shraddha Kapoor",Mohit Suri,Ankit Tiwari,"Ankit Tiwari, Shraddha Kapoor","Teri Galliyan, Galliyan, Zaroori Tha, Banjara, Awari, Hasi",39,170,2014,https://upload.wikimedia.org/wikipedia/en/0/0f/Ek_Villain_Poster.jpg,https://www.youtube.com/watch?v=ruO0VrqOkdE,JioCinema,16+ (UA),
12,Gunday,"Action, Drama",2.1,"Ranveer Singh, Arjun Kapoor",Ali Abbas Zafar,Sohail Sen,"Arijit Singh, Neha Kakkar","Tune Mari Entriyan, Jashn-E-Ishqa, Radha, Asalaam-E-Ishqum, Drama Queen",50,120,2014,https://upload.wikimedia.org/wikipedia/en/4/46/Gunday_%282013_film%29.jpg,https://www.youtube.com/watch?v=HMMEODhZUfA,Amazon Prime,13+ (UA),
13,Singham Returns,"Action, Drama",5.7,"Ajay Devgn, Kareena Kapoor",Rohit Shetty,"Meet Bros, Ankit Tiwari","Arijit Singh, Tulsi Kumar","Singham Returns, Aata Majhi Satakli, Kiti Kiti, Shambhu, Goli Maar Bheje Mein, Tera Hi Tera",50,203,2014,https://upload.wikimedia.org/wikipedia/en/8/83/Singham_Returns_Poster.jpg,https://www.youtube.com/watch?v=3CwQjsdE-1Q,Disney+ Hotstar,13+ (UA),
14,Mardaani,"Crime, Thriller",7.3,"Rani Mukerji, Tahir Raj Bhasin",Pradeep Sarkar,Shantanu Moitra,"Sunidhi Chauhan, Arijit Singh","Rani Tu Mein Raja, Laal Kaptaan",21,56,2014,https://upload.wikimedia.org/wikipedia/en/8/8b/Mardaani_2_poster.jpg,https://www.youtube.com/watch?v=04E-jHtWrDA,Amazon Prime,16+ (A),
15,Finding Fanny,"Comedy, Drama",5.7,"Deepika Padukone, Arjun Kapoor",Homi Adajania,Mathias Duplessy,"Papon, Deepika Padukone","Fanny Re, Yeh Fanny Re",16,36,2014,https://upload.wikimedia.org/wikipedia/en/0/0c/Finding_Fanny.jpg,https://www.youtube.com/watch?v=5O86FUOrlkY,Disney+ Hotstar,16+ (UA/A),
16,Ragini MMS 2,"Horror, Thriller",4.2,"Sunny Leone, Saahil Prem",Bhushan Patel,Meet Bros,"Kanika Kapoor, Meet Bros","Baby Doll, Chaar Bottle Vodka",18,63,2014,https://pics.filmaffinity.com/ragini_mms_2-238559975-large.jpg,https://www.youtube.com/watch?v=L-JlgcPidTc,JioCinema,18+ (A),
17,Dedh Ishqiya,"Drama, Romance",7.1,"Madhuri Dixit, Naseeruddin Shah",Abhishek Chaubey,Vishal Bhardwaj,"Rekha Bhardwaj, Arijit Singh","Hamari Atariya Pe, Dil Ka Mizaaj Ishqiya",30,27,2014,https://encrypted-tbn2.gstatic.com/images?q=tbn:ANd9GcT24ha4KQ9vFH4jI8RS9CtMUlNX1uLZRbF7zX9fYyayGREq6Y8A,https://www.youtube.com/watch?v=_J3fkfUDkx8,Amazon Prime,16+ (A),
18,Humpty Sharma Ki Dulhania,"Romance, Comedy",6,"Varun Dhawan, Alia Bhatt",Shashank Khaitan,Sachin-Jigar,"Arijit Singh, Shreya Ghoshal","Samjhawan, Saturday Saturday",33,119,2014,https://encrypted-tbn0.gstatic.com/images?q=tbn:ANd9GcQqWwz6eHslJXjN3XPNHPeUYRO-wn9Hc_jZDzzOTlDUfEdti0jv,https://www.youtube.com/watch?v=hWMWEhOjmFs,Netflix,13+ (UA),
19,Khoobsurat,"Romance, Comedy",6.4,"Sonam Kapoor, Fawad Khan",Shashanka Ghosh,Sneha Khanwalkar,"Sunidhi Chauhan, Sona Mohapatra","Abhi Toh Party Shuru Hui Hai, Baal Khade",25,38,2014,https://encrypted-tbn0.gstatic.com/images?q=tbn:ANd9GcS5uYUv0b6L-sabJ1aGDTfuAbY23lzvzQsCrGU3kVAKPfs370ZR,https://www.youtube.com/watch?v=pOreDBy1YfI,Disney+ Hotstar,13+ (UA),
20,Heropanti,"Action, Drama",5.3,"Tiger Shroff, Kriti Sanon",Sabbir Khan,Sajid-Wajid,"Mohit Chauhan, Palak Muchhal","Raat Bhar, Tabah",25,52,2014,https://upload.wikimedia.org/wikipedia/en/0/0d/Heropanti_Poster.jpg,https://www.youtube.com/watch?v=R0ECf5-5vro,Amazon Prime,13+ (UA),
21,Bajrangi Bhaijaan,"Drama, Adventure",8.1,"Salman Khan, Harshaali Malhotra",Kabir Khan,Pritam,"Arijit Singh, Mika Singh","Selfie Le Le Re, Bhar Do Jholi",125,918,2015,https://encrypted-tbn1.gstatic.com/images?q=tbn:ANd9GcQRGNMHX7ZlA7yp_XDkjD1iBMeFJnSkBM3PKju8auM_SpKFP4Dm,https://www.youtube.com/watch?v=4nwAra0mz_Q,Disney+ Hotstar,13+ (UA),
22,Dilwale,"Action, Comedy, Romance",5.1,"Shah Rukh Khan, Kajol",Rohit Shetty,Pritam,"Arijit Singh, Antara Mitra","Gerua, Janam Janam",165,408,2015,https://encrypted-tbn1.gstatic.com/images?q=tbn:ANd9GcSNKNZsMs9S-aMkzXmfnFNOWAcySX7NzcPPj_A4DoviD2p742if,https://www.youtube.com/watch?v=AHuOo1DLcRc,Netflix,13+ (UA),
23,Tanu Weds Manu Returns,"Comedy, Drama, Romance",7.7,"Kangana Ranaut, R. Madhavan",Aanand L. Rai,"Krsna Solo, Tanishk-Vayu","Shreya Ghoshal, Ankit Tiwari","Banno, Mat Ja Re",40,251,2015,https://encrypted-tbn3.gstatic.com/images?q=tbn:ANd9GcTCrBwk1fhVVA0nBF_LpIDBlbr-ELg3sGtFGylQwklpYHENf-n6,https://www.youtube.com/watch?v=wGGmyaurjAI,ZEE5,13+ (UA),
24,Prem Ratan Dhan Payo,"Romance, Drama",4.4,"Salman Khan, Sonam Kapoor",Sooraj Barjatya,Himesh Reshammiya,"Palak Muchhal, Himesh Reshammiya","Prem Ratan Dhan Payo, Jalte Diye",180,431,2015,https://encrypted-tbn1.gstatic.com/images?q=tbn:ANd9GcQrsNeWo9zPXU47rmWe8BOt6B5yfwsJQBjhK-t-jqqIRRUEpp4x,https://www.youtube.com/watch?v=Vd4iNPuRlx4,Disney+ Hotstar,13+ (UA),
25,Baahubali: The Beginning,"Action, Fantasy",8,"Prabhas, Rana Daggubati",S.S. Rajamouli,M.M. Keeravani,"Kaala Bhairava, Mounima","Dheevara, Manohari",180,650,2015,https://encrypted-tbn3.gstatic.com/images?q=tbn:ANd9GcSDRNYFW-fzP9z3YXbifCIkR-cQUyheoG6gdL1hkdIKT20OKGOF,https://www.youtube.com/watch?v=3NQRhE772b0,Netflix,13+ (UA),
26,ABCD 2,"Musical, Drama",6.2,"Varun Dhawan, Shraddha Kapoor",Remo D'Souza,Sachin-Jigar,"Arijit Singh, Benny Dayal","Sun Saathiya, Bezubaan Phir Se",65,105,2015,https://encrypted-tbn2.gstatic.com/images?q=tbn:ANd9GcSRgQ2B3ReyKeNV0W9r7OFmp1Wco_awck1LrPBw7w8bNLRlV7Vf,https://www.youtube.com/watch?v=Yf6wxJfPoE8,Disney+ Hotstar,13+ (UA),
27,Baby,"Action, Thriller",8,"Akshay Kumar, Rana Daggubati",Neeraj Pandey,"Meet Bros, M.M. Kreem","Arijit Singh, Shreya Ghoshal",Main Tujhse Pyaar Nahin Karta,58,142,2015,https://upload.wikimedia.org/wikipedia/en/d/da/BABY_poster_2015.jpg,https://www.youtube.com/watch?v=6t1E0Pk3n4c,ZEE5,13+ (UA),
28,Bajirao Mastani,"Historical, Romance",7.2,"Ranveer Singh, Deepika Padukone",Sanjay Leela Bhansali,Sanjay Leela Bhansali,"Shreya Ghoshal, Arijit Singh","Deewani Mastani, Pinga",145,356,2015,https://upload.wikimedia.org/wikipedia/en/c/c0/Bajirao_Mastani_poster.jpg,https://www.youtube.com/watch?v=eHOc-4D7MjY,Amazon Prime,13+ (UA),
29,Piku,"Drama, Comedy",7.6,"Amitabh Bachchan, Deepika Padukone",Shoojit Sircar,Anupam Roy,"Arijit Singh, Anupam Roy","Journey Song, Bezubaan",30,141,2015,https://encrypted-tbn3.gstatic.com/images?q=tbn:ANd9GcTWMT_Be6iwULly8fTO80tBUFGbYe3obxUJ22M0guqqpuNenZ2F,https://www.youtube.com/watch?v=oeiKUlUUNQ8,SonyLIV,13+ (UA),
30,Gabbar is Back,"Action, Drama",7.1,"Akshay Kumar, Shruti Haasan",Krish,Chirantan Bhatt,"Arijit Singh, Neha Kakkar",Warna Gabbar Aa Jayega,72,86,2015,https://encrypted-tbn1.gstatic.com/images?q=tbn:ANd9GcRC7xIMuXzBAQLn4Q-Ct5_IQ8k8P7tg_gPeZZ9n4ilyKxoSMs8x,https://www.youtube.com/watch?v=6Tb5kF3tD6U,ZEE5,13+ (UA),
31,Tamasha,"Romance, Drama",7.2,"Ranbir Kapoor, Deepika Padukone",Imtiaz Ali,A.R. Rahman,"Mohit Chauhan, Alka Yagnik","Matargashti, Tum Saath Ho",87,110,2015,https://encrypted-tbn2.gstatic.com/images?q=tbn:ANd9GcTeL0kqh8yeWd3uwuDB0-FFTUGWNOLj1fybnSPd69ZJJMMwN6zJ,https://www.youtube.com/watch?v=VN1v7xvM0kY,Netflix,13+ (UA),
32,Badlapur,"Thriller, Drama",7.4,"Varun Dhawan, Nawazuddin Siddiqui",Sriram Raghavan,Sachin-Jigar,"Atif Aslam, Arijit Singh","Jeena Jeena, Badlapur Title Track",25,81,2015,https://encrypted-tbn1.gstatic.com/images?q=tbn:ANd9GcReKti-i8FPW2oGfQAeBxxO3qp8U3zLWg1qjNN9o9BYDWhVPXEM,https://www.youtube.com/watch?v=6Tb5+N33:N33,JioCinema,16+ (A),
33,Drishyam,"Thriller, Drama",8.2,"Ajay Devgn, Tabu",Nishikant Kamat,Vishal Bhardwaj,"Vijay Prakash, Rekha Bhardwaj","Dham Dham, Carbon Copy",38,76,2015,https://encrypted-tbn2.gstatic.com/images?q=tbn:ANd9GcRCYUcEflbVKdKhYYQHKWgfoZEmb7fe9cGXUT4Czyrn6qb256wZ,https://www.youtube.com/watch?v=64xJLmcA2K8,Disney+ Hotstar,13+ (UA),
34,Roy,"Romance, Drama",5.2,"Ranbir Kapoor, Jacqueline Fernandez",Vikramjit Singh,Ankit Tiwari,"Arijit Singh, Kanika Kapoor",Sooraj Dooba Hai,50,44,2015,https://encrypted-tbn3.gstatic.com/images?q=tbn:ANd9GcRCP3gv2klUckHxlYsclm5E61s1sUlaLEriZ2ockqTwHlBwMJLx,https://www.youtube.com/watch?v=ahz3kTiGo3s,Netflix,13+ (UA),
35,Brothers,"Action, Drama",6.5,"Akshay Kumar, Sidharth Malhotra",Karan Malhotra,Ajay-Atul,"Sonu Nigam, Shreya Ghoshal","Sapna Jahan, Brothers Anthem",82,82,2015,https://upload.wikimedia.org/wikipedia/en/7/70/Brothers_film_poster_new_1.jpeg,https://www.youtube.com/watch?v=QuRSCU0tOKs,Amazon Prime,16+ (A),
36,Welcome Back,"Comedy, Action",4,"John Abraham, Shruti Haasan",Anees Bazmee,Meet Bros Anjjan,"Yo Yo Honey Singh, Mika Singh",Tutti Bole Wedding Di,95,133,2015,https://upload.wikimedia.org/wikipedia/en/f/f8/Welcome_Back_First_Look_Poster.jpg,https://www.youtube.com/watch?v=SIKfSPbsuyw,JioCinema,13+ (UA),
37,Shaandaar,"Romance, Comedy",3.7,"Shahid Kapoor, Alia Bhatt",Vikas Bahl,Amit Trivedi,"Arijit Singh, Shreya Ghoshal",Shaam Shaandaar,75,43,2015,https://encrypted-tbn1.gstatic.com/images?q=tbn:ANd9GcQsdbr-eB5A1Y4_vfjdS-Lquoye596byBTAmEd9lcufzWzK2xzi,https://www.youtube.com/watch?v=k99-vMPh3-A,Netflix,13+ (UA),
38,Detective Byomkesh Bakshy!,"Thriller, Mystery",7.6,Sushant Singh Rajput,Dibakar Banerjee,Sneha Khanwalkar,Neeti Mohan,Jaanam Jaanam,35,36,2015,https://encrypted-tbn3.gstatic.com/images?q=tbn:ANd9GcQgCc4gCrHKXMoWXc48Rhzuf8yZwxhrXSc01DNL58P0WtdT7icp,https://www.youtube.com/watch?v=ZG--GOpi_0g,Amazon Prime,13+ (UA),
39,NH10,"Thriller, Drama",7.1,Anushka Sharma,Navdeep Singh,Samira Koppikar,"Kanika Kapoor, Samira Koppikar",Chhil Gaye Naina,15,33,2015,https://upload.wikimedia.org/wikipedia/en/4/4e/NH10_Poster.jpg,https://www.youtube.com/watch?v=A9icNqWlylw,Amazon Prime,16+ (A),
40,Hunterrr,"Comedy, Drama",7,Gulshan Devaiah,Harshavardhan Kulkarni,Khamosh Shah,Anushka Manchanda,Hunterrr 303,6,13,2015,https://encrypted-tbn1.gstatic.com/images?q=tbn:ANd9GcR93buXoqgEpVrCLv9VhVXN1uM1GhskgxsCl-wW0gyxk5X7Uo2t,https://www.youtube.com/watch?v=ytDp30vuiCo,Netflix,18+ (A),
41,Dangal,"Biography, Drama",8.4,"Aamir Khan, Sakshi Tanwar",Nitesh Tiwari,Pritam,"Arijit Singh, Jonita Gandhi",Haanikaarak Bapu,70,2024,2016,https://encrypted-tbn3.gstatic.com/images?q=tbn:ANd9GcQMCj20Dhxm40PDsgiS1lMZaNj8lepMfMv9zn3LsbwLWu2ovzUk,https://www.youtube.com/watch?v=x_7YlGv9u1g,Netflix,13+ (UA),
42,Sultan,"Drama, Action",7,"Salman Khan, Anushka Sharma",Ali Abbas Zafar,Vishal-Shekhar,"Arijit Singh, Shreya Ghoshal",Jag Ghoomeya,90,623,2016,https://encrypted-tbn0.gstatic.com/images?q=tbn:ANd9GcTogOSholcwcxP2lNFIs1FTIIVRNmoyVe8U68BPpRP1P03Kf3Ev,https://www.youtube.com/watch?v=wPxqcq6Byq0,Amazon Prime,13+ (UA),
43,Ae Dil Hai Mushkil,"Romance, Drama",5.8,"Ranbir Kapoor, Anushka Sharma",Karan Johar,Pritam,"Arijit Singh, Neha Bhasin",Channa Mereya,58,237,2016,https://encrypted-tbn2.gstatic.com/images?q=tbn:ANd9GcSBObBm4pUN2SlVCndPOoDdIhmsCU8c-GnvxSLWP20Fk7bkhP_H,https://www.youtube.com/watch?v=Z_PODraXg4E,Disney+ Hotstar,13+ (UA),
44,Kapoor & Sons,"Drama, Comedy",7.7,"Alia Bhatt, Sidharth Malhotra",Shakun Batra,Amaal Mallik,"Arijit Singh, Palak Muchhal",Kar Gayi Chull,35,152,2016,https://encrypted-tbn1.gstatic.com/images?q=tbn:ANd9GcSKB9JBAIso3UXr2T2wQxTnKGSMGREudKFNaaQZZhwFtgzAaxEr,https://www.youtube.com/watch?v=s7YYt9_KfsM,Amazon Prime,13+ (UA),
45,Dear Zindagi,Drama,7.6,"Alia Bhatt, Shah Rukh Khan",Gauri Shinde,Amit Trivedi,"Arijit Singh, Sunidhi Chauhan",Love You Zindagi,40,139,2016,https://encrypted-tbn2.gstatic.com/images?q=tbn:ANd9GcRxQErx82J--X2DQpI5Hk75oHRv-rfKcKkSJcGagikLZ04k4bOU,https://www.youtube.com/watch?v=M-RKwp8i-RU,Netflix,13+ (UA),
46,Rustom,"Thriller, Drama",7.1,"Akshay Kumar, Ileana D'Cruz",Tinu Suresh Desai,Ankit Tiwari,"Atif Aslam, Arijit Singh",Tere Sang Yaara,50,216,2016,https://encrypted-tbn1.gstatic.com/images?q=tbn:ANd9GcRCcrgwFqcvBCZ02jhzK9QrVlBtTg7rn63U2XG0ANEcnfLgnxpE,https://www.youtube.com/watch?v=L83qMnbJ198,ZEE5,13+ (UA),
47,M.S. Dhoni: The Untold Story,"Biography, Sport",7.9,"Sushant Singh Rajput, Kiara Advani",Neeraj Pandey,Amaal Mallik,"Arijit Singh, Palak Muchhal",Besabriyaan,104,216,2016,https://upload.wikimedia.org/wikipedia/en/3/33/M.S._Dhoni_-_The_Untold_Story_poster.jpg,https://www.youtube.com/watch?v=6L6XqWoS8tw,Disney+ Hotstar,13+ (UA),
48,Udta Punjab,"Drama, Crime",7.7,"Shahid Kapoor, Alia Bhatt",Abhishek Chaubey,Amit Trivedi,"Diljit Dosanjh, Kanika Kapoor",Ikk Kudi,47,96,2016,https://encrypted-tbn1.gstatic.com/images?q=tbn:ANd9GcTO4hQZNFkdocNyapQTzqRIw4xqWCAKopkR40ugMoqwoB_XktDs,https://www.youtube.com/watch?v=EJylz_9KYf8,Netflix,18+ (A),
49,Pink,"Drama, Thriller",8.1,"Amitabh Bachchan, Taapsee Pannu",Aniruddha Roy Chowdhury,Shantanu Moitra,"Arijit Singh, Shreya Ghoshal",Jeene De,21,108,2016,https://encrypted-tbn2.gstatic.com/images?q=tbn:ANd9GcSPbQEAboN30BlUB2ZhzER9znQaEBVSfWES1Y2XP2kR5M3Irsci,https://www.youtube.com/watch?v=AL2TShb6fFs,Amazon Prime,13+ (UA),
50,Neerja,"Biography, Drama",7.6,"Sonam Kapoor, Shabana Azmi",Ram Madhvani,Vishal Khurana,"Sunidhi Chauhan, Neeti Mohan",Aankhein Milayenge Darr Se,35,135,2016,https://upload.wikimedia.org/wikipedia/en/a/aa/Neerja_Poster.jpg,https://www.youtube.com/watch?v=7779JrWy04g,Disney+ Hotstar,13+ (UA),
51,Baaghi,"Action, Romance",5.2,"Tiger Shroff, Shraddha Kapoor",Sabbir Khan,Meet Bros,"Armaan Malik, Meet Bros",Cham Cham,37,126,2016,https://upload.wikimedia.org/wikipedia/en/0/07/Baaghi_Hindi_film_poster.jpg,https://www.youtube.com/watch?v=DvT3T9tVLu0,JioCinema,13+ (UA),
52,Fan,"Thriller, Drama",6.8,"Shah Rukh Khan, Waluscha De Sousa",Maneesh Sharma,Vishal-Shekhar,"Arijit Singh, Shalmali Kholgade",Jabra Fan,105,188,2016,https://encrypted-tbn0.gstatic.com/images?q=tbn:ANd9GcRnYvOmBhALDrmP94jAkfcLqrO9u21hXi8O_bLjQh3HlISsBbgm,https://www.youtube.com/watch?v=nkS_Ar0Yad0,Netflix,13+ (UA),
53,Dishoom,"Action, Comedy",5.1,"John Abraham, Varun Dhawan",Rohit Dhawan,Pritam,"Arijit Singh, Jonita Gandhi",Sau Tarah Ke,55,119,2016,https://encrypted-tbn0.gstatic.com/images?q=tbn:ANd9GcQ4m_FYDwiL7s7v4eyDS6Kk39bqx-BUaN9C16bIszkGSc284zFC,https://www.youtube.com/watch?v=DU6IdS2gVog,Disney+ Hotstar,13+ (UA),
54,Housefull 3,"Comedy, Drama",5,"Akshay Kumar, Riteish Deshmukh",Sajid-Farhad,Sohail Sen,"Armaan Malik, Mika Singh",Pyar Ki Maa Ki,85,109,2016,https://encrypted-tbn2.gstatic.com/images?q=tbn:ANd9GcTpjWs1zelmD8V2xe833KJeko83w0IJ3rHbcj5H0jX4fyWx1O_F,https://www.youtube.com/watch?v=gc8Z70exq9E,Amazon Prime,13+ (UA),
55,Baar Baar Dekho,"Romance, Drama",5.3,"Sidharth Malhotra, Katrina Kaif",Nitya Mehra,Amaal Mallik,"Arijit Singh, Neeti Mohan",Kala Chashma,53,39,2016,https://encrypted-tbn3.gstatic.com/images?q=tbn:ANd9GcTkYsBbZvEpZ8TpZv49i_IW4GEfJHdbNZVlhTsknLerehUw0J_j,https://www.youtube.com/watch?v=x3pWkOGpAKU,Amazon Prime,13+ (UA),
56,Mohenjo Daro,"Adventure, Romance",5.5,"Hrithik Roshan, Pooja Hegde",Ashutosh Gowariker,A.R. Rahman,"A.R. Rahman, Arijit Singh",Tu Hai,100,107,2016,https://encrypted-tbn2.gstatic.com/images?q=tbn:ANd9GcQ1W_CzBICuSTsqrprzCNwcINmIyBvXQzznmjgdlD_il6NDAOiV,https://www.youtube.com/watch?v=UPZ5FKEB02I,Netflix,13+ (UA),
57,Fitoor,"Romance, Drama",5.4,"Aditya Roy Kapoor, Katrina Kaif",Abhishek Kapoor,Amit Trivedi,"Neeti Mohan, Arijit Singh",Pashmina,65,19,2016,https://encrypted-tbn1.gstatic.com/images?q=tbn:ANd9GcRkbMk9aAqfN6YrKbKrP4bYsrzdVe6-ooIaeML8RsnfTBdLceP_,https://www.youtube.com/watch?v=v4Qmg49DFMQ,ZEE5,13+ (UA),
58,Wazir,"Thriller, Drama",7.1,"Amitabh Bachchan, Farhan Akhtar",Bejoy Nambiar,Shantanu Moitra,"Arijit Singh, Shreya Ghoshal",Tere Bin,35,42,2016,https://encrypted-tbn0.gstatic.com/images?q=tbn:ANd9GcSLyUIVqoEDnqUleefLVi_L2zVdFTj9BIUX42TKK0r9dJ7fOv__,https://www.youtube.com/watch?v=gdwM7xKOph0,Netflix,13+ (UA),
59,Ki & Ka,"Romance, Drama",5.8,"Arjun Kapoor, Kareena Kapoor",R. Balki,Mithoon,"Mithoon, Amaal Mallik",High Heels,25,51,2016,https://upload.wikimedia.org/wikipedia/en/b/b2/Ki_%26_Ka_poster.jpg,https://www.youtube.com/watch?v=B2fxtycjf_I,Amazon Prime,13+ (UA),
60,Rocky Handsome,"Action, Thriller",6.3,"John Abraham, Shruti Haasan",Nishikant Kamat,Sunny Bawra,Ankit Tiwari,Rehnuma,20,25,2016,https://encrypted-tbn1.gstatic.com/images?q=tbn:ANd9GcRMDnx5r1veV88xWT79TogSpZALByc-x5U3LMHPQTrpjMV8JFq3,https://www.youtube.com/watch?v=mMjPokU5-0w,Netflix,16+ (A),
61,Baahubali 2: The Conclusion,"Action, Adventure, Drama",8.2,"Prabhas, Rana Daggubati, Anushka Shetty, Tamannaah Bhatia",S.S. Rajamouli,M.M. Keeravani,"Kailash Kher, Daler Mehndi","Saahore Baahubali, Manohari",250,1710,2017,https://encrypted-tbn1.gstatic.com/images?q=tbn:ANd9GcTnMA16Y55ki6WxoLTdTmxNnKwYCZiNwi0DvCakttCRBQgZyJpJ,https://www.youtube.com/watch?v=G62HrubdD6o,Netflix,13+ (UA),
62,Judwaa 2,"Action, Comedy, Romance",5.3,"Varun Dhawan, Jacqueline Fernandez, Taapsee Pannu",David Dhawan,Anu Malik,"Neha Kakkar, Sonu Nigam, Dev Negi","Chalti Hai Kya 9 Se 12, Aa Toh Sahi",65,226,2017,https://encrypted-tbn2.gstatic.com/images?q=tbn:ANd9GcRDdZ59H_IAza1SoS6MA6S2foN9L8ijJm45jb3fsqGZOtajdR96,https://www.youtube.com/watch?v=DDwbjWCgxVM,Amazon Prime,13+ (UA),
63,Tiger Zinda Hai,"Action, Adventure, Thriller",6.7,"Salman Khan, Katrina Kaif, Angad Bedi",Ali Abbas Zafar,Vishal-Shekhar,"Raftaar, Atif Aslam, Neha Bhasin","Swag Se Swagat, Zinda Hai",150,565,2017,https://encrypted-tbn0.gstatic.com/images?q=tbn:ANd9GcSs9rg58l09oOLXU_w3NR306J5iXVOfY1fPzmvmyyLgQtxWEs9A,https://www.youtube.com/watch?v=ePO5M5DE01I,Disney+ Hotstar,13+ (UA),
64,Toilet: Ek Prem Katha,"Comedy, Drama",7.2,"Akshay Kumar, Bhumi Pednekar, Anupam Kher",Shree Narayan Singh,Vickey Prasad,"Sonu Nigam, Hariharan, Shreya Ghoshal","Hans Raj Hathi, Gali Gali Mein Phirta Hai",20,318,2017,https://encrypted-tbn3.gstatic.com/images?q=tbn:ANd9GcSjEjTeoKlof8oSYlzYqdJrr_mFBJKrksyYUYR3QVMTbjYUdgvD,https://www.youtube.com/watch?v=ym4EJQ7XORk,ZEE5,13+ (UA),
65,Shubh Mangal Saavdhan,"Comedy, Drama, Romance",7.8,"Ayushmann Khurrana, Bhumi Pednekar",R.S. Prasanna,Tanishk-Vayu,"Arijit Singh, Sonu Nigam","Padhne Se, Kanpuriya",18,87,2017,https://encrypted-tbn2.gstatic.com/images?q=tbn:ANd9GcTxprzKpNJJMSRZpFsBohPHeYu8bEVRSwgS6WWzQzR4a7It_GLr,https://www.youtube.com/watch?v=g67IL4mbuFY,JioCinema,13+ (UA),
66,Raees,"Action, Crime, Drama",7.8,"Shah Rukh Khan, Mahira Khan, Nawazuddin Siddiqui",Rahul Dholakia,Jatinder Shah,"Kailasa, Neha Bhasin, Kunal Ganjawala","Laila Main Laila, Udi Udi Jaye",80,300,2017,https://encrypted-tbn3.gstatic.com/images?q=tbn:ANd9GcQvsPYhKp5r8tGoUV4aM73p3NOHY4dB7YEqDzYnAzvFm1o-AaMg,https://www.youtube.com/watch?v=J7_1MU3gDk0,Netflix,13+ (UA),
67,Kaabil,"Action, Drama, Romance",6.8,"Hrithik Roshan, Yami Gautam, Ronit Roy",Sanjay Gupta,Rajesh Roshan,"Udit Narayan, Alka Yagnik","Kaabil Hoon, Haseeno Ka Deewana",50,190,2017,https://encrypted-tbn2.gstatic.com/images?q=tbn:ANd9GcQ4TAw9VV0X7L_flcFhs9Eiskn6RtTfl_4yK1Wpyf9_n4uK6efO,https://www.youtube.com/watch?v=om7uaoXqG3U,Disney+ Hotstar,13+ (UA),
68,Jab Harry Met Sejal,"Romance, Drama",6.3,"Shah Rukh Khan, Anushka Sharma",Imtiaz Ali,Pritam,"Arijit Singh, Sunidhi Chauhan","Radha, Beech Beech Mein",80,150,2017,https://encrypted-tbn3.gstatic.com/images?q=tbn:ANd9GcS7dssF2N6KabPVIwmExyyd0Mq5coLHEpNA2rrqwFNCdmozbBup,https://www.youtube.com/watch?v=W5MZevEH5Ns,Amazon Prime,13+ (UA),
69,OK Jaanu,"Drama, Romance",5.8,"Aditya Roy Kapur, Shraddha Kapoor, Naseeruddin Shah",Shaad Ali,A. R. Rahman,"Arijit Singh, A. R. Rahman","The Humma Song, Enna Sona",35,50,2017,https://encrypted-tbn2.gstatic.com/images?q=tbn:ANd9GcRw7_A1-Tl6KI33VVHL3RRjDu4TH-WkkDNgra3oecuQy-fmOmAx,https://www.youtube.com/watch?v=HLdbAdya2po,Netflix,13+ (UA),
70,Baadshaho,"Action, Thriller",5.3,"Ajay Devgn, Emraan Hashmi, Ileana D'Cruz",Milan Luthria,"Ankit Tiwari, Tanishk-Vayu","Kailasa, Neeraj Shridhar","Mere Rashke Qamar, Badshaho",75,100,2017,https://encrypted-tbn2.gstatic.com/images?q=tbn:ANd9GcQXzS8CnYapQojIGtzydcZunZarej23GBklCvv1va-wJdtxUBFk,https://www.youtube.com/watch?v=Ny7fULat8ws,ZEE5,13+ (UA),
71,Golmaal Again,"Action, Comedy",6,"Ajay Devgn, Parineeti Chopra, Tabu",Rohit Shetty,Amaal Mallik,"Arijit Singh, Neeraj Shridhar","Maine Tera Naam, Golmaal Hai Bhai Sab",50,300,2017,https://encrypted-tbn3.gstatic.com/images?q=tbn:ANd9GcRIaSBnxqGBMXWebKrej5lslVhInqqJq4BKjWrV9YDb1Yb2TcuN,https://www.youtube.com/watch?v=9liBbvuYFhI,Amazon Prime,13+ (UA),
72,Simran,"Comedy, Drama",5.4,"Kangana Ranaut, Sohum Shah, Kishore Kadam",Hansal Mehta,Sachin-Jigar,"Sona Mohapatra, Arijit Singh","Ladki Aankh Mare, Simran",20,35,2017,https://encrypted-tbn1.gstatic.com/images?q=tbn:ANd9GcS15rXKU7auCCcqWbkjZSL8KV8VySB2O3V44po1ilGrEKdhJRkG,https://www.youtube.com/watch?v=_LUe4r6eeQA,Netflix,13+ (UA),
73,Padmavat,"Drama, History, Romance",7.2,"Deepika Padukone, Shahid Kapoor, Ranveer Singh",Sanjay Leela Bhansali,Madan Mohan,"Arijit Singh, Shreya Ghoshal","Ghoomar, Binte Dil",200,500,2017,https://encrypted-tbn1.gstatic.com/images?q=tbn:ANd9GcQ855ggdR5SEAk6ccnU09DB97EN1APWzD7P-zETOFF7BMlJUPs3,https://www.youtube.com/watch?v=X_5_BLt76c0,Amazon Prime,13+ (UA),
74,Rangoon,"Action, Drama, Romance",6.2,"Kangana Ranaut, Shahid Kapoor, Saif Ali Khan",Vishal Bhardwaj,Vishal Bhardwaj,"Arijit Singh, Sukhwinder Singh","Mere Miyan Gaye England, Nainaa",45,90,2017,https://encrypted-tbn2.gstatic.com/images?q=tbn:ANd9GcQiS8uRklll1dmYkeH5-CA5kJxBX_O82p8QsUX_FT7hIgvBH-AW,https://www.youtube.com/watch?v=B-tC0wcIu24,Netflix,13+ (UA),
75,Jagga Jasoos,"Adventure, Comedy, Drama",6.7,"Ranbir Kapoor, Katrina Kaif, Govinda",Anurag Basu,Pritam,"Arijit Singh, Shreya Ghoshal","Galti Se Mistake, Ullu Ka Pattha",110,160,2017,https://encrypted-tbn0.gstatic.com/images?q=tbn:ANd9GcSMKiVq2EuEHPGhSaS6DE7YwRP8G611k2va6l0HdmTdz7xIfMam,https://www.youtube.com/watch?v=YheC-4Qgoro,Disney+ Hotstar,13+ (UA),
76,Fukrey Returns,Comedy,7,"Pulkit Samrat, Varun Sharma, Ali Fazal",Mrighdeep Singh Lamba,Sameer Uddin,"Sukriti Kakar, Arijit Singh","Mehndi Wale Haath, Jaam",20,110,2017,https://encrypted-tbn3.gstatic.com/images?q=tbn:ANd9GcSRMF7cuAFfsrgoLOvswjRv0e_YV1GgwVyxssX2nfD8UmbuLd0h,https://www.youtube.com/watch?v=f-UzOpuKOVY,ZEE5,13+ (UA),
77,Phillauri,"Comedy, Drama, Romance",6.1,"Anushka Sharma, Diljit Dosanjh, Suraj Sharma",Anshai Lal,Shashwat Sachdev,"Arijit Singh, Mohit Chauhan","Dum Dum, Bon Jovi",40,50,2017,https://encrypted-tbn0.gstatic.com/images?q=tbn:ANd9GcQ5s7pOjoTa7XamE2RisJeF8w2g3nHK7JIh7iOQNL58kJ5yj2ng,https://www.youtube.com/watch?v=uCTr7MGFK0U,Amazon Prime,13+ (UA),
78,Chef,"Drama, Comedy",6,"Saif Ali Khan, Svar Kamble, Milind Soman",Raja Krishna Menon,Amit Trivedi,"Kailasa, Shankar Mahadevan","Sham, Kucch Bhi Ho Sakta Hai",20,50,2017,https://encrypted-tbn1.gstatic.com/images?q=tbn:ANd9GcTm8NaYdR-DxlBQu6aqB09AvGJkjNwAPEf9BHW-lOANqUD5v4iM,https://www.youtube.com/watch?v=5xlHJAEaf-s,Netflix,13+ (UA),
79,Newton,"Drama, Comedy",7.8,"Rajkummar Rao, Pankaj Tripathi, Anjali Patil",Amit V Masurkar,Raghubir Yadav,"Shubha Mudgal, Udit Narayan","Aaj Ke Baad, Aye Raat Teri",5,20,2017,https://encrypted-tbn1.gstatic.com/images?q=tbn:ANd9GcRD_OV_YiOn3AKzMDOBvzbkKDj1ohDYUu1Pc1IqlutUnfoHX8Jc,https://www.youtube.com/watch?v=yU6zMPFd4UU,Amazon Prime,13+ (UA),
80,Kedarnath,"Drama, Romance",6.8,"Sushant Singh Rajput, Sara Ali Khan",Abhishek Kapoor,A. R. Rahman,"Arijit Singh, Shreya Ghoshal","Namo Namo, Qaafirana",45,50,2018,https://encrypted-tbn1.gstatic.com/images?q=tbn:ANd9GcRelYi7UeOjmKEhg_SDZjrtZqd-hZxRHd2lKlyr9lPxAiMQ4chf,https://www.youtube.com/watch?v=03-KVRmd3xo,Netflix,13+ (UA),
81,Sanju,Drama,8.1,Ranbir Kapoor,Rajkumar Hirani,A. R. Rahman,Sonu Nigam,Main Badhiya Tu Bhi Badhiya,100,342,2018,https://encrypted-tbn3.gstatic.com/images?q=tbn:ANd9GcQJ8AsTYsPNuQps7o72s7WQAPC12PwD5WIzEzq1ukaGg9H8Udmq,https://youtu.be/1J76wN0TPI4?si=OhGMasxgx6MexBD_,Disney+ Hotstar,13+ (UA),
82,Stree,Horror,7.5,Varun Sharma,Amar Kaushik,Dr. Zeus,Monali Thakur,Tum Hi Aana,25,180,2018,https://encrypted-tbn2.gstatic.com/images?q=tbn:ANd9GcQVC2UHLCYZ5US4CLG4ePfALv8FmvhlzOgo3NuO6Zo6v0u90mM4,https://www.youtube.com/watch?v=gzeaGcLLl_A,"JioCinema, Netflix",13+(UA),
83,Badhaai Ho,Comedy,8,Ayushmann Khurrana,Amar Kaushik,Raftaar,Kailash Kher,Badhaiyan Toh Badhaiyan,20,221,2018,https://encrypted-tbn2.gstatic.com/images?q=tbn:ANd9GcRGL_kNU6zqTJktuDT2jLquFen2HwxNqMh3k3KSwre0zeVNiqXQ,https://www.youtube.com/watch?v=unAljCZMQYw,Disney+ Hotstar,13+(UA),
84,Raazi,Thriller,7.8,Alia Bhatt,Meghna Gulzar,Shankar-Ehsaan-Loy,Arijit Singh,Raazi,35,197,2018,https://encrypted-tbn0.gstatic.com/images?q=tbn:ANd9GcQ-ta901krcGCqNHBz8c1AMZxjbUigS2l9YWI0ONHAzo82liy5V,https://www.youtube.com/watch?v=BN5MWsHXvHI,Amazon Prime Video,13+(UA),
85,Andhadhun,Thriller,8.2,Ayushmann Khurrana,Shree Narayan Singh,Amjad Nadeem,Arijit Singh,Khuda Haafiz,20,72,2018,https://encrypted-tbn1.gstatic.com/images?q=tbn:ANd9GcQVjGZr3kZwVeEuKi-BmlOtv4Hyc5g_1OTrghlXpuPzt70GB6Aa,https://www.youtube.com/watch?v=2iVYI99VGaw,Netflix,16+(UA),
86,Dhadak,Romance,6.1,Janhvi Kapoor,Shashank Khaitan,Ajay-Atul,Kailash Kher,Thug Rani,20,77,2018,https://encrypted-tbn1.gstatic.com/images?q=tbn:ANd9GcRYpX1Qn9RfMp0lqq4e3DRJ0SFUuNARVjGjDtMzYN7YvwW_EpGT,https://www.youtube.com/watch?v=7ta8TdfW2Fs,ZEE5,13+(UA),
87,Sui Dhaaga,Drama,7.9,Varun Dhawan,Sharat Katariya,Anu Malik,Shreya Ghosal,Sui Dhaaga,50,106,2018,https://encrypted-tbn0.gstatic.com/images?q=tbn:ANd9GcRbIo__EmEUTlB60JuRp938KikplmA2TvioIuETd19ZImAC5ZUY,https://www.youtube.com/watch?v=kuRJOkzCZsY,Amazon Prime Video,13+(UA),
88,Bajirao Mastani,Historical,7.5,Deepika Padukone,Sanjay Leela Bhansali,Santhosh Narayanan,Shreya Ghosal,Deewani Mastani,145,300,2018,https://encrypted-tbn3.gstatic.com/images?q=tbn:ANd9GcQcHr4v9XE4c1JIh5Ein96FfFXpFOfrulWvAwtUq0VuUJvAwXNl,https://www.youtube.com/watch?v=eHOc-4D7MjY,"Eros Now, JioCinema",13+(UA),
89,Tumbbad,Fantasy,8.2,Sohum Shah,Rahi Anil Barve,Ajay-Atul,Neha Kakkar,Tumhari Yaadon,45,46,2018,https://encrypted-tbn0.gstatic.com/images?q=tbn:ANd9GcRlV1f4SbqmLEjzsqRpMmcdit3xUkirRzxRkzVJ_F2JK40XFTf3,https://www.youtube.com/watch?v=sN75MPxgvX8,Amazon Prime Video,16+(UA),
90,Gully Boy,Drama,8,Ranveer Singh,Zoya Akhtar,Deepti Sadhvani,Diljit Dosanjh,Gully Boy,50,238,2018,https://encrypted-tbn2.gstatic.com/images?q=tbn:ANd9GcRR4SNA5xtExIcugBmXdrF9CEOY5sqNdExEJwyPAq7Xq5FBt1XP,https://www.youtube.com/watch?v=JfbxcD6biOk,Amazon Prime Video,13+(UA),
91,Gold,Sports,7.7,Akshay Kumar,Ritesh Sidhwani,Swades,Arijit Singh,Gold,85,125,2018,https://encrypted-tbn2.gstatic.com/images?q=tbn:ANd9GcSuR5vFyfa2S89uZn6v2_Gv4um2LZ-9NHDZQAbau7TEyNimHxhx,https://www.youtube.com/watch?v=Pcv0aoOlsLM,Amazon Prime Video,13+(UA),
92,Race 3,Action,2.9,Salman Khan,Remo D'Souza,Salim-Sulaiman,Neeraj Shridhar,Selfish,150,305,2018,https://encrypted-tbn3.gstatic.com/images?q=tbn:ANd9GcQQ0FQQmAxe7z10RFMOeDDbwZpzh_zLWvjNTWpPHMDysOZMyy0D,https://www.youtube.com/watch?v=xBht9TG7ySw,Amazon Prime Video,13+(UA),
93,Veere Di Wedding,Comedy,5.2,Kareena Kapoor,Shashanka Ghosh,Kailash Kher,Sunidhi Chauhan,Veere Di Wedding,45,141,2018,https://encrypted-tbn0.gstatic.com/images?q=tbn:ANd9GcTYOmTXXURAVhFvPKU9_megsB3RqvkmElXKX_Uk_FGZ3Oy3Y54l,https://www.youtube.com/watch?v=IZODr96ZRCc,ZEE5,16+(UA),
94,Mulk,Drama,7.8,Rishi Kapoor,Anubhav Sinha,Anu Malik,Sujata Majumdar,Mulk,18,25,2018,https://encrypted-tbn1.gstatic.com/images?q=tbn:ANd9GcT49MwY5gILk7Q4qStlbKLuyttIxYthT9XaIHJL5h83uGzZS7iI,https://www.youtube.com/watch?v=1MjC30zo1KA,ZEE5,13+(UA),
95,2.0:,Action,6.7,Rajinikanth,S. Shankar,A. R. Rahman,Shreya Ghosal,Endhira Logathu,500,800,2018,https://encrypted-tbn1.gstatic.com/images?q=tbn:ANd9GcS5vS51NF2oXKrSw-CObiKFkkrh-0SHkDb5dbPvETiX25RmuQJJ,https://www.youtube.com/watch?v=_qOl_7qfPOM,Amazon Prime Video,13+(UA),
96,Pataakha,Comedy,7.3,Sanya Malhotra,Vishal Bhardwaj,Vishal Bhardwaj,Neha Kakkar,Chogada,20,20,2018,https://encrypted-tbn0.gstatic.com/images?q=tbn:ANd9GcQOrMDnoFPeI5syNWyuidexx2fS9UlW8RFcMh6B9Y5KNR6_d28w,https://www.youtube.com/watch?v=cDsfX4CK9EY,ZEE5,16+(UA),
97,The Sky Is Pink,Drama,7.6,Priyanka Chopra,Shonali,Shankar-Ehsaan-Loy,Amit Trivedi,Leher,35,69,2018,https://encrypted-tbn0.gstatic.com/images?q=tbn:ANd9GcSwPmv226WJ_PZ5uDln66SWL3IXcIl2ADBV32d3Mlrt6vMEA0me,https://www.youtube.com/watch?v=prwUFBsDRLk,Netflix,13+(UA),
98,Sonu Ke Titu Ki Sweety,Comedy,7.1,Kartik Aaryan,Luigi Comencini,Neha Kakkar,Kailash Kher,Sweetie,60,108,2018,https://encrypted-tbn1.gstatic.com/images?q=tbn:ANd9GcRR0Kl1axvARCLpdwW4_xvarXIo8RxQf5BwEm2ACjtwFMXjKN2W,https://www.youtube.com/watch?v=M2q64UowX9g,Netflix,13+(UA),
99,Baaghi 2,Action,5.5,Tiger Shroff,Ahmed Khan,Arijit Singh,Arijit Singh,Lohe Ka,70,253,2018,https://encrypted-tbn1.gstatic.com/images?q=tbn:ANd9GcS8u8XeOvpUQzMQD88qABP1guZZZTQX7EBqGgGJi5L8712f-gm5,https://www.youtube.com/watch?v=F2lN25IayH8,Disney+ Hotstar,13+(UA),
100,Batti Gul Meter Chalu,Drama,6.6,Shahid Kapoor,Shree Narayan Singh,Sachin-Jigar,Arijit Singh,Gulabo,30,63,2018,https://encrypted-tbn1.gstatic.com/images?q=tbn:ANd9GcT9Zysh55WB32KYnEv4cEkPHYrzRqvj6NMLbZPLrfqjT5afikCb,https://www.youtube.com/watch?v=BoLTSoVPzQ0,ZEE5,13+(UA),
101,Gully Boy,Drama,8,Ranveer Singh,Zoya Akhtar,Deepti Sadhvani,Diljit Dosanjh,Gully Boy,50,238,2019,https://encrypted-tbn2.gstatic.com/images?q=tbn:ANd9GcRR4SNA5xtExIcugBmXdrF9CEOY5sqNdExEJwyPAq7Xq5FBt1XP,https://www.youtube.com/watch?v=JfbxcD6biOk,Netflix,16+(UA),
102,Kabir Singh,Romance,7.1,Shahid Kapoor,Sandeep Reddy Vanga,Satya,Arijit Singh,Tum Hi Aana,50,379,2019,https://encrypted-tbn2.gstatic.com/images?q=tbn:ANd9GcR05dcUmEc1Zd3g76NWEllWzWw_bqMfoJtpLTnjcJ8uXM4TfDDN,https://www.youtube.com/watch?v=RiANSSgCuJk,Amazon Prime Video,13+(UA),
103,War,Action,6.9,Hrithik Roshan,Aditya Chopra,Vishal-Shekhar,Shreya Ghosal,The Hrithik,150,477,2019,https://encrypted-tbn2.gstatic.com/images?q=tbn:ANd9GcT2cuKvIaH5HRrPQ5nIx8lbHO7wSUf1GiXKE6mvY72J53GCRht6,https://www.youtube.com/watch?v=tQ0mzXRk-oM,Amazon Prime Video,13+(UA),
104,Bharat,Drama,6.8,Salman Khan,Ali Abbas Zafar,Ajay-Atul,Shreya Ghosal,Bharat,200,325,2019,https://encrypted-tbn3.gstatic.com/images?q=tbn:ANd9GcTcOHH32K0GfcfWb2AeksKN3KEkV5LrgCFoNWHw9ADoQ_0qKv6I,https://www.youtube.com/watch?v=Ea_GKoe81GY,ZEE5,13+(UA),
105,Uri: The Surgical Strike,Action,8,Vicky Kaushal,Aditya Dhar,Shashwat Sachdev,Shashwat Sachdev,Vande Mataram,40,342,2019,https://encrypted-tbn1.gstatic.com/images?q=tbn:ANd9GcR1RDvEfNdxAbbr2aPgjUW1txRGjKs5gBbCSRUgZcmiQqnwsM9a,https://www.youtube.com/watch?v=VVY3do673Zc,Amazon Prime Video,13+(UA),
106,Kesari,Action,7.4,Akshay Kumar,Raj Mehta,Ajay-Atul,Kailash Kher,Kesari,50,207,2019,https://encrypted-tbn2.gstatic.com/images?q=tbn:ANd9GcSfNyrFoejHTNPZz-EbG1ruGf1_ASZ-_QCcE1Mcb0LrZUnOfCwO,https://www.youtube.com/watch?v=JFP24D15_XM,Disney+ Hotstar,13+(UA),
107,Chhichhore,Comedy,8,Sushant Singh Rajput,Nitesh Tiwari,Pritam,Arijit Singh,Chhichhore,45,153,2019,https://encrypted-tbn2.gstatic.com/images?q=tbn:ANd9GcTR7lN6yKpdOvxKUBIdGX_HpkBFW5FDup4gzgMnumJzer8KEt9i,https://www.youtube.com/watch?v=tsxemFX0a7k,Disney+ Hotstar,13+(UA),
108,Housefull 4,Comedy,4.1,Akshay Kumar,Farhad Samji,Sajid-Wajid,Neeraj Shridhar,Shaitan Ka Saala,100,279,2019,https://encrypted-tbn1.gstatic.com/images?q=tbn:ANd9GcRWmdO_uIaWR-KJqGm9wOFEAY2tTblD9rBXfgXkTaOxvARvYFko,https://www.youtube.com/watch?v=gcHH34cEl3Y,Amazon Prime Video,13+(UA),
109,Street Dancer 3D,Dance,6.2,Varun Dhawan,Remo D'Souza,Varun Dhawan,Neha Kakkar,Muqabala,70,109,2019,https://encrypted-tbn3.gstatic.com/images?q=tbn:ANd9GcR8lA05PJc-RRGN1pTGMOv_FdvlO4j-f_6tEYfpBF0IoqPtKHbT,https://www.youtube.com/watch?v=2Ym7LJv6L_c,Amazon Prime Video,13+(UA),
110,Pati Patni Aur Woh,Comedy,6,Kartik Aaryan,Laxman Utekar,Anu Malik,Kartik Aaryan,Pyar Ka Panchi,40,117,2019,https://encrypted-tbn1.gstatic.com/images?q=tbn:ANd9GcQh2CxrgHZ5m98kxrtrdURAR_zpxGnTXses85Wblam26h_vmVbt,https://www.youtube.com/watch?v=L7a1JSeqaXk,Amazon Prime Video,16+(UA),
111,Mardaani 2,Thriller,7.3,Rani Mukerji,Pradeep Sarkar,Amjad Nadeem,Shreya Ghosal,Meri Aashiqui,30,28,2019,https://encrypted-tbn0.gstatic.com/images?q=tbn:ANd9GcQKLNLJqn2Ei9Sprl-pEff7iki77QoASVxMwal8NkZPH1q-AfHS,https://www.youtube.com/watch?v=dKeRIOA28Jk,Disney+ Hotstar,13+(UA),
112,Dabangg 3,Action,3.7,Salman Khan,Prabhu Deva,Sajid-Wajid,Sonu Nigam,Habibi Ke Naino Mein,150,319,2019,https://encrypted-tbn1.gstatic.com/images?q=tbn:ANd9GcRP4v-cDvKoDDyBWZtNfeA9uO4AfNY7EDZx8oNkVUMl6LY9eS2o,https://www.youtube.com/watch?v=-AJ7cLi1Jfk,ZEE5,13+(UA),
113,Jabariya Jodi,Romance,4.9,Sidharth Malhotra,Prashant Singh,Anu Malik,Neha Kakkar,Khudkushi,40,30,2019,https://encrypted-tbn0.gstatic.com/images?q=tbn:ANd9GcQMELe1UyepBiQ2B1I6p7-iI8x67aiGdmC2GdPs_9_itjb0ajo3,https://www.youtube.com/watch?v=SXAqEbLJYPY,Amazon Prime Video,13+(UA),
114,Good Newwz,Comedy,7,Akhil Khanna,Shashank Khaitan,Shankar-Ehsaan-Loy,Kailash Kher,Chandigarh Mein,80,319,2019,https://encrypted-tbn0.gstatic.com/images?q=tbn:ANd9GcTrclAM6YnzS_vu6a0cyYtA7irwYikVWIwR0HnBLv1Yufw7Ew5L,https://www.youtube.com/watch?v=r9VJpqoAr84,Amazon Prime Video,16+(UA),
115,Laal Kaptaan,Action,5.6,Saif Ali Khan,Navdeep Singh,Siddharth Khosla,Neha Kakkar,Laal Kaptaan,30,15,2019,https://encrypted-tbn3.gstatic.com/images?q=tbn:ANd9GcQ4MWEBQG7i0KedzJ5anLPvE0rcMSo6tuWKRvVnJtDVuI3gU6a3,https://www.youtube.com/watch?v=dcj82CR82ng,Netflix,13+(UA),
116,The Zoya Factor,Romance,5,Sonam Kapoor,Abhishek Sharma,Shankar-Ehsaan-Loy,Arijit Singh,Prem Ratan,35,22,2019,https://encrypted-tbn0.gstatic.com/images?q=tbn:ANd9GcR4QE4CIW7g0YZgAv0jAaEJYdaP8c0qwKnWVOVDoTDZY8xFlSOM,https://www.youtube.com/watch?v=tz9TN7ixPW0,Netflix,16+(UA),
117,Saaho,Action,5.7,Prabhas,Sujeeth,Shravan,Neha Kakkar,Enna Sona,350,430,2019,https://encrypted-tbn0.gstatic.com/images?q=tbn:ANd9GcS_Mu-CgeWOBSvmOqetGwgSw3cf7IHmFK3eS-oBGdWWAFcLuuIG,https://www.youtube.com/watch?v=lD0-ztCFydA,Netflix,13+(UA),
118,Arjun Patiala,Comedy,5.3,Kriti Sanon,Deepak Ahlawat,Neha Kakkar,Arijit Singh,Main Tera,30,40,2019,https://encrypted-tbn3.gstatic.com/images?q=tbn:ANd9GcQKg3j3Q9FJnCRWkXhgZo9KcJArsv54qytzeuRrdh0P8q0zLtkp,https://www.youtube.com/watch?v=nR7ETMS7Eo0,Amazon Prime Video,18+(UA),
119,Joker,Thriller,5.2,Akshay Kumar,Shirish Kunder,Sajid-Wajid,Shreya Ghosal,Joker,80,45,2019,https://encrypted-tbn2.gstatic.com/images?q=tbn:ANd9GcT-8wtdleyp9L9K1s1tAJu8vuHEhvY9fvLOqAaapm-BpgmNLv3l,https://www.youtube.com/watch?v=_OKAwz2MsJs,"JioCinema, Netflix",13+(UA),
120,Lukka Chuppi,"Romance, Comedy",6.8,"Kartik Aaryan, Kriti Sanon",Laxman Utekar,"Akhil Sachdeva, Tanishk Bagchi","Arijit Singh, Neha Kakkar","Coca Cola, Poster Lagwa Do",50,125,2019,https://encrypted-tbn0.gstatic.com/images?q=tbn:ANd9GcT5grnWzSDgU5HfSUmY93JpHzPRp4JuWem9l8ZX59mYoQWb1_xQ,https://www.youtube.com/watch?v=-JLewvWBkCw,Disney+ Hotstar,13+(UA),
121,Tanhaji,Action,7.9,Ajay Devgn,Om Raut,Ajay-Atul,Shankar Mahadevan,Tattad Tattad,150,368,2020,https://encrypted-tbn1.gstatic.com/images?q=tbn:ANd9GcQF_-AwTiBuGQJRzPqsje-5saTCerF5LOodzG2mGTTaszvUOEfQ,https://www.youtube.com/watch?v=cffAGIYTEHU,Disney+ Hotstar,13+(UA),
122,Chhapaak,Drama,6.9,Deepika Padukone,Meghna Gulzar,Shankar-Ehsaan-Loy,Arijit Singh,Chhapaak,40,59,2020,https://encrypted-tbn1.gstatic.com/images?q=tbn:ANd9GcRT4Hn0URO4PKN0XHwfXqH2ytwZCNYQK-Gvpl2rlaGoSOYL2xMA,https://www.youtube.com/watch?v=kXVf-KLyybk,Disney+ Hotstar,13+(UA),
123,Angrezi Medium,Comedy,7.3,Irrfan Khan,Homi Adajania,Sachin-Jigar,Arijit Singh,Angrezi Medium,35,9,2020,https://encrypted-tbn1.gstatic.com/images?q=tbn:ANd9GcRGi1q5Ctip3FT9ho5NPqjbao6cvanlHH_kQNWidaCAneiVN89O,https://www.youtube.com/watch?v=rzlfeocUVhI,Disney+ Hotstar,13+(UA),
124,Baaghi 3,Action,3.1,Tiger Shroff,Ahmed Khan,Revealed,Arijit Singh,Do You Love Me,100,139,2020,https://encrypted-tbn0.gstatic.com/images?q=tbn:ANd9GcSQddptYB93Rwr6WNmrZ-3l0FIZvGm7HiZ3z0xDVwxvN8xmJrwa,https://www.youtube.com/watch?v=jQzDujMzfoU,Disney+ Hotstar,13+(UA),
125,Street Dancer 3D,Dance,6.2,Varun Dhawan,Remo D'Souza,Varun Dhawan,Neha Kakkar,Muqabala,70,109,2020,https://encrypted-tbn3.gstatic.com/images?q=tbn:ANd9GcR8lA05PJc-RRGN1pTGMOv_FdvlO4j-f_6tEYfpBF0IoqPtKHbT,https://www.youtube.com/watch?v=2Ym7LJv6L_c,Amazon Prime Video,13+(UA),
126,Panga,Drama,6.9,Kangana Ranaut,Ashwiny Iyer Tiwari,Shankar-Ehsaan-Loy,Shreya Ghosal,Panga,40,38,2020,https://encrypted-tbn3.gstatic.com/images?q=tbn:ANd9GcQUwzpNziUYv59ycb5BikY-7lsuC-hNbmdnUCfqMW_jZfXOiVGi,https://www.youtube.com/watch?v=QDP6tCC8zTo,Disney+ Hotstar,13+(UA),
127,Coolie No. 1,Comedy,3,Varun Dhawan,David Dhawan,Alan,Neha Kakkar,Tum Par Hum Hai Atke,80,50,2020,https://encrypted-tbn2.gstatic.com/images?q=tbn:ANd9GcReuc8kK9mj5cttaBpY_fXewY6M9BRLqn3n_h-W8gNFFIzqidSR,https://www.youtube.com/watch?v=XaZ7jAPdecc,Disney+ Hotstar,16+(UA),
128,Dil Bechara,Romance,7.8,Sushant Singh Rajput,Mukesh Chhabra,A. R. Rahman,Arijit Singh,Khulke Jeene Ka,50,12,2020,https://encrypted-tbn3.gstatic.com/images?q=tbn:ANd9GcQkHzSoeEnmXpUeYqXc5luWtrYB2_nr8yINDgIbJECTVje8DTvR,https://www.youtube.com/watch?v=GODAlxW5Pes,Disney+ Hotstar,16+(UA),
129,Laxmii,Comedy,2.4,Akshay Kumar,Raghava Lawrence,Shashi Suman,Arijit Singh,Burj Khalifa,100,183,2020,https://encrypted-tbn2.gstatic.com/images?q=tbn:ANd9GcSNU4Q73mnuH09hwrN8cALTR4x9Ue5_paKuITgt0FT4apH0fgJi,https://www.youtube.com/watch?v=mFZ8Oa9Z8tI,Amazon Prime Video,13+(UA),
130,Sadak 2,Drama,1.1,Alia Bhatt,Mahesh Bhatt,Nadeem-Shravan,Arijit Singh,Tum Se Hi,30,25,2020,https://encrypted-tbn2.gstatic.com/images?q=tbn:ANd9GcQEvfMNpQeVu9gqJqI_3QOU5hXlSwa3YIDkmOfxQ3pTV7c-vXuj,https://www.youtube.com/watch?v=gTYkG2gPy5M,Netflix,13+(UA),
131,Shakuntala Devi,Biography,7,Vidya Balan,Anu Menon,Shankar-Ehsaan-Loy,Shreya Ghosal,Shakuntala Devi,40,57,2020,https://encrypted-tbn2.gstatic.com/images?q=tbn:ANd9GcR_wX7IWXqro0WRDtNeZTnNDzTRFiBc7S9KEva6iDvaTo3oIZlB,https://www.youtube.com/watch?v=cMcDsQh2tGE,Disney+ Hotstar,16+(UA),
132,Ludo,Drama,7.6,Abhishek Bachchan,Anurag Basu,Clinton Cerejo,Neeraj Shridhar,Phoolon Ka Taron Ka,40,43,2020,https://encrypted-tbn1.gstatic.com/images?q=tbn:ANd9GcQ4cP7y2BU6SItAxzUWz2GP7iyExjNdz5Cr7uoSLDH8dHNMFnIR,https://www.youtube.com/watch?v=k8Uo6RU4m3s,Netflix,13+(UA),
133,Khuda Hafiz,Action,7.3,Vidyut Jammwal,Faruk Kabir,Amjad Nadeem,Shreya Ghosal,Khuda Hafiz,25,20,2020,https://encrypted-tbn1.gstatic.com/images?q=tbn:ANd9GcSGQ2pHNfmgH-KK0NUrJEIFuS29FGGrCPP-e9DNrisp54bFVR_8,https://www.youtube.com/watch?v=IB9VNkKFCyk,Netflix,16+(UA),
134,Ginny Weds Sunny,Romance,5.9,Yami Gautam,Puneet Khanna,Amjad Nadeem,Neha Kakkar,Pehli Baar,15,25,2020,https://encrypted-tbn3.gstatic.com/images?q=tbn:ANd9GcRhkNMJIQAkkZlmoLwl7qdRpa1FQPC6sppx409g1_aaUnwyvFac,https://www.youtube.com/watch?v=0vRsmg10jOo,Netflix,16+(UA),
135,The White Tiger,Drama,7.1,Adarsh Gourav,Ramin Bahrani,Marcelo Zarvos,Arijit Singh,Azaadi Ke Liye,40,45,2020,https://encrypted-tbn2.gstatic.com/images?q=tbn:ANd9GcTi9AsnUGqlJkPJ0cbDEIuNp0WN3SDsw5wg7qaMZazxW_qTWbls,https://www.youtube.com/watch?v=3d4dFEpknq4,Amazon Prime Video,16+(UA),
136,Kaali Khuhi,Thriller,5.4,Sanjeeda Sheikh,Tushar Hiranandani,Ajay-Atul,Neha Kakkar,Kaali Khuhi,20,12,2020,https://encrypted-tbn0.gstatic.com/images?q=tbn:ANd9GcS55kqJHguGpPfMaiRLf5h7FSlXO1yQBfdBYOHgSGP3KesUJGLW,https://www.youtube.com/watch?v=qQOPK4z3hFc,Amazon Prime Video,16+(UA),
137,Durgamati,Thriller,4.2,Bhumi Pednekar,G. Ashok,Swara Bhaskar,Neha Kakkar,Durgamati,40,30,2020,https://encrypted-tbn0.gstatic.com/images?q=tbn:ANd9GcS9O63RhYY_WDzzU1tHgnEiOgZE4T4-O1G2uIpuI9DqO0OcI_a8,https://www.youtube.com/watch?v=JY5cz0keii4,"JioCinema, Netflix",16+(UA),
138,Bhoot Part One: The Haunted Ship,Thriller,4.6,Vicky Kaushal,Bhanu Pratap Singh,Shashwat Sachdev,Kailash Kher,Chhoti Si Dua,50,25,2020,https://encrypted-tbn1.gstatic.com/images?q=tbn:ANd9GcRNQSG73oexi4OGATiyQr4PsiOm64XHSdl5a1wGzQwu34WgGR36,https://www.youtube.com/watch?v=XHJEDtGbKDw,Information not available,13+(UA),
139,Roohi,Comedy,6,Janvi Kapoor,Hardik Mehta,Krishna Kalle,Arijit Singh,Roohi,40,30,2020,https://encrypted-tbn2.gstatic.com/images?q=tbn:ANd9GcQ8-ZlIaRAYWuonbAJZ7Zf-ORfRD4kpxyxVWBWIBOUt8_wb8XSc2V_lp_ceOAxBXwxA9HL2cA,https://www.youtube.com/watch?v=djw3muWfB88,Netflix,13+(UA),
140,Harley,Action,5.7,Sushant Singh Rajput,Aditya Dhar,Sajid-Wajid,Kailash Kher,Hawa,35,22,2020,https://encrypted-tbn3.gstatic.com/images?q=tbn:ANd9GcTUELxfuNlPRVoDaVoyWgh_bWHiknnkl9JxpKFjcVM0yJ-6GyIl,https://www.youtube.com/watch?v=5y-YhgkgvNw,ZEE5,16+(UA),
141,Sooryavanshi,Action,6.9,Akshay Kumar, Rohit Shetty,Dr. Zeus,Neha Kakkar,Aila Re Aillaa,150,195,2021,https://encrypted-tbn2.gstatic.com/images?q=tbn:ANd9GcRPtX_r8g3mDzr80wQo-4xMExQ-dyCtVboqe4jIBsTaLkJKUd_w3r76EiyzIE6aoegaZ6aHaA,https://www.youtube.com/watch?v=qbGq37Nwr1E,Amazon Prime Video,13+(UA),
142,Radhe,Action,1.9,Salman Khan,Prabhu Deva,Himesh Reshammiya,Alok Kumar,Seeti Maar,105,185,2021,https://encrypted-tbn0.gstatic.com/images?q=tbn:ANd9GcSbfdHyBBX-HyfKgJJHsbmU8YAx3a4DNnbRVEN-lU8I12YVpUI-oadssNNK1_jQ5OAP6IgGDw,https://www.youtube.com/watch?v=bth9p9yxZpM,Disney+ Hotstar,13+(UA),
143,Shershaah,Biography,8.2,Sidharth Malhotra,Vishnu Varadhan,Jasleen Royal,B Praak,Raataan Lambiyan,50,300,2021,https://www.google.com/url?sa=i&url=https%3A%2F%2Fencrypted-tbn1.gstatic.com%2Fimages%3Fq%3Dtbn%3AANd9GcQ5f-6Oa6R5-fOIa32AIQBvhtVFzHVGqLX3sLAfM68knIHiEMUh&psig=AOvVaw1g4S8EWbQ3VO5PGqHdq96r&ust=1733072056266000&source=images&cd=vfe&opi=89978449&ved=0CBAQjRxqFwoTCKDZ9MXChIoDFQAAAAAdAAAAABAE,https://www.youtube.com/watch?v=5qX1Jsc9fVA,Netflix,16+(UA),
144,Atrangi Re,Romance,7.5,Akshay Kumar, Aanand L. Rai, A. R. Rahman,Shreya Ghosal,Chaka Chak,80,175,2021,https://www.google.com/url?sa=i&url=https%3A%2F%2Fencrypted-tbn3.gstatic.com%2Fimages%3Fq%3Dtbn%3AANd9GcSusNJI4MF-RzFWzC0pUyIyo0xlzJ0qv0_ePzb4uCTtZrd3ovWS&psig=AOvVaw3sIFc-FZb99uDygVyydGj-&ust=1733072132526000&source=images&cd=vfe&opi=89978449&ved=0CBAQjRxqFwoTCMC2m-rChIoDFQAAAAAdAAAAABAE,https://www.youtube.com/watch?v=wEKuayD0gKA,Information not available,13+(UA),
145,Mumbai Mafia: Police vs The Underworld,Crime,6.5,Sandeep Khare,Aryan Sood,Shankar-Ehsaan-Loy,Alok Kumar,Dil Dhadakne Do,30,45,2021,https://upload.wikimedia.org/wikipedia/en/3/38/Poster_of_Mumbai_Mafia_Police_vs_Underworld.jpg,https://www.youtube.com/watch?v=um9hdJ4lz7A,ZEE5,13+(UA),
146,Satyam Shivam Sundaram,Romance,5.5,Kangana Ranaut,Shyam Benegal,Shashi Suman,Shreya Ghosal, Teri Aankhon Mein,50,75,2021,https://www.google.com/url?sa=i&url=https%3A%2F%2Fencrypted-tbn1.gstatic.com%2Fimages%3Fq%3Dtbn%3AANd9GcTqspHhxyoY3Stkl4kU6aZBfMCwZxWp-4hRYT8UWv457j5IRs_3&psig=AOvVaw072M6ukkeBQfSGA7KfKuzx&ust=1733072370525000&source=images&cd=vfe&opi=89978449&ved=0CBAQjRxqFwoTCNjs1NvDhIoDFQAAAAAdAAAAABAE,https://www.youtube.com/watch?v=XvFVlD8r9TQ,Amazon Prime Video,13+(UA),
147,Rashmi Rocket,Drama,7.5,Tapsee Pannu,Akarsh Khurana,Prashant Pillai,Shreya Ghosal, Kaun Tujhe,35,30,2021,https://encrypted-tbn0.gstatic.com/images?q=tbn:ANd9GcT44XBcdyYO2nVZgVl0Hq5MyySvpNJAXb3Vib_xzGVd57XGv6_X,https://www.youtube.com/watch?v=IgoJQpu9-HY,Netflix,16+(UA),
148,Bell Bottom,Action,6.5,Akshay Kumar,Ranjit Tiwari,Amjad Nadeem,Neha Kakkar,Bell Bottom,90,130,2021,https://www.google.com/url?sa=i&url=https%3A%2F%2Fencrypted-tbn0.gstatic.com%2Fimages%3Fq%3Dtbn%3AANd9GcTaRmB7zQrT34imA6W6oOjqM5tjgh5gthDTHf4e2IjE00vQJTgf&psig=AOvVaw0ZBQysk4E0n-h1KsgfFfJG&ust=1733072417822000&source=images&cd=vfe&opi=89978449&ved=0CBAQjRxqFwoTCNCbnfLDhIoDFQAAAAAdAAAAABAE,https://www.youtube.com/watch?v=QKws6q_Gsew,Netflix,16+(UA),
149,Chandigarh Kare Aashiqui,Romance,7.2,Ayushmann Khurrana,Abhishek Kapoor, Sachin-Jigar, Arijit Singh, Kalle Kalle,50,80,2021,https://www.google.com/url?sa=i&url=https%3A%2F%2Fencrypted-tbn2.gstatic.com%2Fimages%3Fq%3Dtbn%3AANd9GcQYWTybUZIWxa_VTzyyfF7sblHT4uVvkZoTDuURK9sH226JQltq&psig=AOvVaw0yjJR1j3EqVVrx5mN6qBnu&ust=1733072452058000&source=images&cd=vfe&opi=89978449&ved=0CBAQjRxqFwoTCIDgzoLEhIoDFQAAAAAdAAAAABAE,https://www.youtube.com/watch?v=GGxqp9dtgyo,Netflix,16+(UA),
150,Gangubai Kathiawadi,Drama,7.6,Alia Bhatt,Sanjay Leela Bhansali,Sanjoy Chowdhury,Shreya Ghosal, Dholida,100,130,2021,https://www.google.com/url?sa=i&url=https%3A%2F%2Fencrypted-tbn2.gstatic.com%2Fimages%3Fq%3Dtbn%3AANd9GcR-QScFdOUaedzYsTywpeP82LYg5h60xZ6z1GKkBhr-vAkmRllP&psig=AOvVaw1abpZolLMv1OIIWoHNhS4w&ust=1733072471623000&source=images&cd=vfe&opi=89978449&ved=0CBAQjRxqFwoTCPjv9IvEhIoDFQAAAAAdAAAAABAE,https://youtu.be/c8aVLBqVwk4,Netflix,13+(UA),
151,Ajeeb Daastaans,Drama,7.4,Natasha Rastogi,Shashank Khaitan,Shankar-Ehsaan-Loy,Neha Kakkar,Ajeeb Daastaans,25,50,2021,https://www.google.com/url?sa=i&url=https%3A%2F%2Fencrypted-tbn2.gstatic.com%2Fimages%3Fq%3Dtbn%3AANd9GcRjHXDg3diyIfeTIBaYOgO3kyQ_NarbwVszDa0YdEaiAMrMSc89&psig=AOvVaw245zp-omrbhAhpzqZWC1y9&ust=1733072502671000&source=images&cd=vfe&opi=89978449&ved=0CBAQjRxqFwoTCPCJ3JrEhIoDFQAAAAAdAAAAABAE,https://www.youtube.com/watch?v=EImTzMiVdzo,Amazon Prime Video,13+(UA),
152,Mimi,Drama,7.9,Kriti Sanon,Laxman Utekar, AR Rahman,Shreya Ghosal,Param Sundari,40,40,2021,https://encrypted-tbn0.gstatic.com/images?q=tbn:ANd9GcSjIP2F-H2X5J9xgkEiKJ3XrwaFdwIgkgWIrYtCrS9vtalCg_7dDH7eO4a-WQiTMNHybI_sZQ,https://www.youtube.com/watch?v=1Ozf8qqYI-w,Amazon Prime Video,13+(UA),
153,F9: The Fast Saga,Action,5.5,Vin Diesel,Justin Lin, Brian Tyler,Khalid,We Own It,200,75,2021,https://encrypted-tbn0.gstatic.com/images?q=tbn:ANd9GcRU3iWdrBTmDEQb5Lv405Ku76AsOpmtWCCaMG9qI_TaM4iaNhqajdzJL5oeLunsDCEHlHmjZQ,https://www.youtube.com/watch?v=aSiDu3Ywi8E,Netflix,13+(UA),
154,Toofaan,Drama,6.9,Farhan Akhtar,Rakeysh Omprakash Mehra,Shankar-Ehsaan-Loy,Sukhwinder Singh, Phoolon Ka Taron Ka,80,45,2021,https://static.toiimg.com/photo/111633453.cms?imgsize=20242,https://www.youtube.com/watch?v=4qalsBNwZds,ZEE5,16+(UA),
155,Lal Singh Chaddha,Drama,7.1,Aamir Khan,Advait Chandan, Pritam,Kailash Kher,Jeena Jeena,90,150,2021,https://encrypted-tbn3.gstatic.com/images?q=tbn:ANd9GcQzGUjQolUZRNbF6BiZPp9VXHpBJ50UUbVfxAap8dlQz5udfe71K4MT1H7Gs8vRaQVHBXs4,https://www.youtube.com/watch?v=6Tg5BLRmTcg,Amazon Prime Video,13+(UA),
156,Love Hostel,Crime,6.7,Radhika Apte,Shanker Raman,Dhruv Ghanekar,Shreya Ghosal,Chalte Chalte,60,35,2021,https://encrypted-tbn0.gstatic.com/images?q=tbn:ANd9GcSUoyqGARnFRSe4zcUa2xmSIfJ7pSp4U_mdhA1k08rs0uB8CL8JQP1ePLtgthQBRKiMT7VvOA,https://www.youtube.com/watch?v=ma-stvAsOCU,Amazon Prime Video,13+(UA),
157,Sherni,Drama,7.1,Vidya Balan,Amit Masurkar,Shankar-Ehsaan-Loy,Shreya Ghosal,Sherni,40,25,2021,https://encrypted-tbn3.gstatic.com/images?q=tbn:ANd9GcTN2z-w_E9qIfRNxxT9L8Zsqdx0pmzYeeigbRfTs_sOHzoD7zV9ZOKGqWB61iDLbZSn5gZdRA,https://www.youtube.com/watch?v=o2wg-11MWFU,ZEE5,13+(UA),
158,Chehre,Mystery,5.3,Emraan Hashmi,Rummy Jafri,Achint Thakkar,Arijit Singh,Chupke Chupke,25,12,2021,https://encrypted-tbn2.gstatic.com/images?q=tbn:ANd9GcSgc01A5LnJDUS9ui0IE-19lvDHpxO0WVlQVqEPhZIEiBOEPc_8piGMQXd7MJUZtToCnKSANA,https://www.youtube.com/watch?v=W4WTPps4zM8,Disney+ Hotstar,13+(UA),
159,Jhund,Drama,7.8,Amitabh Bachchan,Nagraj Manjule,Amit Trivedi,Anand Bhaskar,Zindagi Ki Raah,30,50,2021,https://www.google.com/url?sa=i&url=https%3A%2F%2Fencrypted-tbn2.gstatic.com%2Fimages%3Fq%3Dtbn%3AANd9GcT78RH5VNCOi_xbbynmuV0dxCPMk_OY2Q5MB1neu_1fJjcQHUI_&psig=AOvVaw3Z8KIRR0bCzE4pJPGXWlPR&ust=1733072652457000&source=images&cd=vfe&opi=89978449&ved=0CBAQjRxqFwoTCOCRjuLEhIoDFQAAAAAdAAAAABAE,https://www.youtube.com/watch?v=iqydRuNr2yY,Disney+ Hotstar,16+(UA),
160,The Big Bull,Crime,6,Amit Sadh,Kookie Gulati,Chirantan Bhatt,Kunal Ganjawala,Kashti,40,20,2021,https://encrypted-tbn3.gstatic.com/images?q=tbn:ANd9GcQ9S_JQOXrbt_fw34BSu3zRGuaHWriJhVzdnR4CPOJ-UCkngmGPmmN-wuA_JkeNI_EpcPAp,https://www.youtube.com/watch?v=Bw6I-KgCSP4,Amazon Prime Video,16+(UA),
161,Mumbai Mafia: Police vs The Underworld,Crime,6.5,Arvind Deshmukh,Aryan Sood,Neha Kakkar,Alok Kumar,Tu Jaha,30,50,2021,https://upload.wikimedia.org/wikipedia/en/3/38/Poster_of_Mumbai_Mafia_Police_vs_Underworld.jpg,https://www.youtube.com/watch?v=08alafhCRKU,Netflix,13+(UA),
162,Tadap,Romance,6.2,Ahan Shetty, Milan Luthria,A. R. Rahman,Neha Kakkar,Tum Hi Aana,50,60,2021,https://www.google.com/url?sa=i&url=https%3A%2F%2Fencrypted-tbn0.gstatic.com%2Fimages%3Fq%3Dtbn%3AANd9GcRC6LAWbrsBnvoulxkWXmvYSsc6iq1vCkBYmBpm8p-GBhn_kQew&psig=AOvVaw2Vl_xrGlwuGcd_3427PkCN&ust=1733072771783000&source=images&cd=vfe&opi=89978449&ved=0CBAQjRxqFwoTCKDngpvFhIoDFQAAAAAdAAAAABAE,https://www.youtube.com/watch?v=HdD6rU98yvg,ZEE5,13+(UA),
163,Rashmi Rocket,Drama,7.5,Tapsee Pannu,Akarsh Khurana,Prashant Pillai,Shreya Ghosal,Kaun Tujhe,35,45,2021,https://encrypted-tbn0.gstatic.com/images?q=tbn:ANd9GcT44XBcdyYO2nVZgVl0Hq5MyySvpNJAXb3Vib_xzGVd57XGv6_X,https://www.youtube.com/watch?v=KJoEX6Peqhw,Amazon Prime Video,13+(UA),
164,Sardar Udham,Drama,8,Vicky Kaushal,Shoojit Sircar,Shankar-Ehsaan-Loy,Neha Kakkar,Ghar Wapsi,60,70,2021,https://encrypted-tbn2.gstatic.com/images?q=tbn:ANd9GcRzL7IXQVD8ndeTxb0iob9XzRdwUFpsKAGjCPF6D9_DNYxNRQaD6pS8xDJl1iiHcXsFxAE1,https://www.youtube.com/watch?v=bLWgKt1-SYo,Netflix,13+(UA),
165,Ajeeb Daastaans,Drama,7.4,Natasha Rastogi,Shashank Khaitan,Shankar-Ehsaan-Loy,Neha Kakkar,Ajeeb Daastaans,40,20,2021,https://encrypted-tbn2.gstatic.com/images?q=tbn:ANd9GcTuOHCLYO13Rg6D-mvk33qGOFuPe9yJjosPnKQcunBOxZwtcLEXyOP4Bqr6l-1WcPXGXs5G,https://www.youtube.com/watch?v=EImTzMiVdzo,Netflix,16+(UA),
166,Gangubai Kathiawadi,Drama,7.6,Alia Bhatt,Sanjay Leela Bhansali,Sanjoy Chowdhury,Shreya Ghosal,Dholida,100,130,2022,https://encrypted-tbn2.gstatic.com/images?q=tbn:ANd9GcRCdxNCL5adNJ6vqWk7Yy6yrKjIDXilUdpkQy-_chDDGYpRKC4C1yTUGC_z7biiScwyv45VWA,https://www.youtube.com/watch?v=N1ZwRv3vJJY,Netflix,18+(UA),
167,Bhool Bhulaiyaa 2,Comedy,7.2,Kartik Aaryan,Aneez Bazmee,Pritam,Arijit Singh,De Taali,75,200,2022,https://encrypted-tbn3.gstatic.com/images?q=tbn:ANd9GcSMJ-c951gb7t1ThjEiUbZC7HZbQ2V9ySIXJcyXtVGyWkyXiH5dnC2qeE6dfVi_FtZNet7U,https://www.youtube.com/watch?v=P2KRKxAb2ek,ZEE5,13+(UA),
168,Raksha Bandhan,Comedy,5.2,Akshay Kumar,Anand L. Rai,Amjad Nadeem,Neha Kakkar,Tum Hi Aana,75,70,2022,https://encrypted-tbn3.gstatic.com/images?q=tbn:ANd9GcQk3GfMkTlvKCcrqbleJgTGpn8jchHCY8RF-FUMK8YFjBBh2sF2qShjubNca-uCV_chd36lZw,https://www.youtube.com/watch?v=ye3faphq3MU,Amazon Prime Video,13+(UA),
169,Drishyam 2,Thriller,8.2,Ajay Devgn,Abhishek Pathak,Ankit Tiwari,Neha Kakkar,Meri Zindagi,40,200,2022,https://encrypted-tbn1.gstatic.com/images?q=tbn:ANd9GcQabGjOJ_C6VDxgiPQDdmqtpPBXIBo1KYF_SEFjSupuMlZvDhccyehZhFkXzr0HfLBxRpw5HQ,https://www.youtube.com/watch?v=AuuX2j14NBg,Netflix,13+(UA),
170,Jersey,Drama,6.5,Shahid Kapoor,Gowtham Tinnanuri,Amit Trivedi,Arijit Singh,Mehram,50,45,2022,https://upload.wikimedia.org/wikipedia/en/2/2a/Jersey_2022_poster.jpg,https://www.youtube.com/watch?v=Q0ftfj7Nf5I,Disney+ Hotstar,13+(UA),
171,Brahmastra: Part One  Shiva,Fantasy,6.8,Ranbir Kapoor,Ayan Mukerji,Pritam,Arijit Singh,Kesariya,250,400,2022,https://encrypted-tbn1.gstatic.com/images?q=tbn:ANd9GcTSLyo8BOqaym9--UPbFdnz71L5NJzinhWvgIaEAYLfiYN81RGvesktK--qcSlM-gUNi9R6GA,https://www.youtube.com/watch?v=BUjXzrgntcY,Disney+ Hotstar,13+ (UA),
172,Cuttputlli,Thriller,6.3,Athiya Shetty,Ranjit Tiwari,Sachin-Jigar,Arijit Singh,Tu Hai To,40,30,2022,https://encrypted-tbn1.gstatic.com/images?q=tbn:ANd9GcS5Yh3_RgcP4IOZ1DbIAjhoiuVI1ASjTOFlOh4gOf62gaOtBKdYSaj8CgcxtRTMRnTkJKHyrg,https://www.youtube.com/watch?v=3JkHyW5O4d0,Disney+ Hotstar,U/A 16+,
173,Satyam Shivam Sundaram,Romance,5.5,Kangana Ranaut,Shyam Benegal,Shashi Suman,Shreya Ghosal,Teri Aankhon Mein,50,75,2022,https://encrypted-tbn1.gstatic.com/images?q=tbn:ANd9GcTw4u3Ee88WroGMAYliULKJuBskjpdM5F2URtfCVji9G0ueDlu4aS1X73moUb-Qa5EMNTpN5g,https://www.youtube.com/watch?v=Z1x5qJxU1oA,Amazon Prime Video / ZEE5,U/A 18+,
174,Vikram,Action,8.5,Kamal Haasan, Lokesh Kanagaraj,Anirudh Ravichander,Arijit Singh,Vikram,100,250,2022,https://encrypted-tbn2.gstatic.com/images?q=tbn:ANd9GcQVn0y7RuNHnktmebSF6Uf_bv6Ue5ZxMmrRR1I_Yz9Bvs51_P1AMV5ku8qB98PmOVTFK_oh,https://www.youtube.com/watch?v=OKBMCL-frPU,Disney+ Hotstar,U/A 16+,
175,Maja Ma,Comedy,6.7,Madhuri Dixit, Anand Tiwari,Amit Trivedi,Arijit Singh,Dil Dhadakne Do,40,30,2022,https://encrypted-tbn2.gstatic.com/images?q=tbn:ANd9GcQrQHLEC8Lgtezo7pA7PWy_lV3938iDgO9fsNdm7tAXaKsD5TvFhoRVtOUxaVU338CQy9hyjg,https://www.youtube.com/watch?v=3yD4GG3byyE,Amazon Prime Video,U/A 13+,
176,Anek,Thriller,7,Ayushmann Khurrana,Anubhav Sinha,Mithoon,Arijit Singh,Khoya,50,60,2022,https://encrypted-tbn1.gstatic.com/images?q=tbn:ANd9GcTlKgxPim_xguDvt-JKkFSsdp1xwYgYS4dePJPxW8ELEM_wb2gruB0t2b11kDRZqN4ZtASpnw,https://www.youtube.com/watch?v=gc4cO54ClSM,Netflix,U/A 13+,
177,Doctor G,Comedy,6.9,Ayushmann Khurrana,Anubhuti Kashyap,Amaal Mallik,Neha Kakkar,Kahani,40,45,2022,https://encrypted-tbn1.gstatic.com/images?q=tbn:ANd9GcT0nsXF9ICb4w9usnZd0Bz6uLivxrQKgDnUjnZhuCPpTRZI7Jtcal-ELZSY7JVl_hPYiK_9gg,https://www.youtube.com/watch?v=Snx2Qk9anLo,Netflix,U/A 13+,
178,Bhediya,Comedy,7.3,Varun Dhawan, Amar Kaushik, Sachin-Jigar,Arijit Singh, Thumkeshwari,60,85,2022,https://encrypted-tbn1.gstatic.com/images?q=tbn:ANd9GcTw6l6la7d-ODhSeEYGDWc101iywb62t3vsdlNAfE2ut3YWrnNWoPo-17hffPqZvDdCGX1p,https://www.youtube.com/watch?v=abvcUW1mukU,JioCinema,U/A 13+,
179,Shamshera,Action,5.4,Ranbir Kapoor,Karan Malhotra,Ajay-Atul,Neha Kakkar, Ji Huzoor,150,40,2022,https://encrypted-tbn3.gstatic.com/images?q=tbn:ANd9GcSGSdWz0BvfPsP1jTyo4p0z8lJU9CxQIZoEw3uopDKu3kci1eVOXk5gnveUY7RFr5I4PMrMoQ,https://www.youtube.com/watch?v=J3_KqNvbKJY,Amazon Prime Video,U/A 16+,
180,Rocketry: The Nambi Effect,Drama,8.3,R. Madhavan, R. Madhavan,Sam C.S.,Kailash Kher, Bharath,45,20,2022,https://encrypted-tbn3.gstatic.com/images?q=tbn:ANd9GcR2Zn8x2lA3PFHIfT_m6K6fukf6L4sa2rnLVudNXo1arSwEOqoNOvEAXbz3_Sso-b1XKRBH,https://www.youtube.com/watch?v=k79MFFkoeBU,Amazon Prime Video / JioCinema / MX Player,U/A 13+,
181,Lal Kaptaan,Action,6.2,Saif Ali Khan,Navdeep Singh,Shankar-Ehsaan-Loy,Arijit Singh,Kali Teri,50,30,2022,https://encrypted-tbn3.gstatic.com/images?q=tbn:ANd9GcTk_c_e2kQm6vJAU3SdvBpmUN8CTnwatDJaV5hhsso84uL2pq3-Ao5CsP1tBhqNiuA9PjixYQ,https://www.youtube.com/watch?v=E1k0jl6D0gE,Amazon Prime Video,U/A 16+,
182,Mithya,Thriller,6.8,Taapsee Pannu,Rajit Kapoor,Anupam Roy,Arijit Singh, Tu Hai To,40,50,2022,"https://m.media-amazon.com/images/M/MV5BMzBlNzI1ODItMDBjMC00OWYzLTg3NTAtOGI3NWU3ODY4NDA3XkEyXkFqcGc@.V1_QL75_UX190_CR0,28,190,281.jpg",https://www.youtube.com/watch?v=1Vg5vZ1b3hA,ZEE5,U/A 13+,
183,Thank God,Comedy,5.9,Ajay Devgn,Indra Kumar, Amaal Mallik,Neha Kakkar, Ae Mere Humsafar,60,65,2022,https://encrypted-tbn0.gstatic.com/images?q=tbn:ANd9GcR0aN2Eh3rHJYI4HUL-viA_4-MrVzCBshs3kNfnjGJN07ehI95ABGmM9OH6DgTFJ8v4YjShOQ,https://www.youtube.com/watch?v=Z6aQzEJ4Y0E,Amazon Prime Video,U/A 13+,
184,F3: Fun and Frustration,Comedy,6.4,Varun Tej, Anil Ravipudi,Devi Sri Prasad, Arijit Singh,Bandla,70,95,2022,https://encrypted-tbn1.gstatic.com/images?q=tbn:ANd9GcSPIFNPtBXl4qcBfzaDNNYdeBDqkTEyXGUnVNQipifRJixFXq2HtAtCXCwPYMZEA3gRN5MBiA,https://www.youtube.com/watch?v=OGtVcnW-tpg,Disney+ Hotstar,U/A 7+,
185,Samrat Prithviraj,Action,5.7,Akshay Kumar,Chandraprakash Dwivedi,Shankar-Ehsaan-Loy, Arijit Singh,Shahzada,100,75,2022,https://encrypted-tbn2.gstatic.com/images?q=tbn:ANd9GcT2BsIb83npVfkcXOR0Gn_eGJqwKQ79pLDoEggvdgtHMLl-c7Aa,https://www.youtube.com/watch?v=33-CQdPHyj0,Amazon Prime Video,U/A 13+,
186,Badhaai Do,Comedy,7.4,Rajkummar Rao,Hari Chawla,Amjad Nadeem,Neha Kakkar, Kya Bhi Kya,45,60,2022,https://encrypted-tbn0.gstatic.com/images?q=tbn:ANd9GcSdib8L_1ecU2nLiOFHIVci8UBMN93gDJCtzb3Tg1YYR79nEtGZIT4_VLudQcPGrYNnrO5qrQ,https://www.youtube.com/watch?v=ZdIxRd8SIvQ,Netflix,U/A 13+,
187,Rashtra Kavach Om,Action,6.1,Aditya Roy Kapur,Kapil Verma,Sachin-Jigar,Kunal Ganjawala, Na Na Na,55,45,2022,https://encrypted-tbn0.gstatic.com/images?q=tbn:ANd9GcSaYwOTf7Pj4lYAgNmV6Q9kVhKv3oLGNgTmKH_Qh0w6GqrwuuET_DNsz09ujbT4B2rDjelp3Q,https://www.youtube.com/watch?v=2kW3Hn1gr6E,ZEE5,U/A 16+,
188,Dhaakad,Action,4.8,Kangana Ranaut,Razneesh Ghai,Ravi Basrur,Neha Kakkar, Badmashi,80,50,2022,https://encrypted-tbn1.gstatic.com/images?q=tbn:ANd9GcTTlMeuzOj20f-7Gk4JYUD6LY1JtUsq5UfRQBJvQVp8Ak4kfz8F16YtzJXNGUeKyKqRD22t1w,https://www.youtube.com/watch?v=ev8Zo5qbChg,ZEE5,18+,
189,Karthikeya 2,Thriller,8.2,Nikhil Siddharth,Chandoo Mondeti,Kailash Kher,Arijit Singh,Gohar,30,40,2022,https://encrypted-tbn2.gstatic.com/images?q=tbn:ANd9GcSMA_M0D2QVuXFCTTx9VbIYoCfo4ZQA3cxT5we9Oab-OYrDZo4yXDhNfiAI6jJw_m91HK9M,https://youtu.be/wpHgdmQo2n0?si=hRCBDnldYb7D-gxu,ZEE5,U/A 7+,
190,Bachchhan Paandey,Action,5.9,Akshay Kumar,Fahad Samji,Anupam Roy,Neha Kakkar, Na Na Na,85,65,2022,https://encrypted-tbn1.gstatic.com/images?q=tbn:ANd9GcQ_PSow_AFgUWsdlMQ6Zyg5aDw-AXLWRo-MPRL4XDwcu0mvLPeFv34D_yDT-TwjyrZD8oCJVA,https://youtu.be/cpNaGiBhXiM?si=IH3Hl7ngL16Hwpmg,Amazon Prime Video,U/A 13+,
191,Ala Vaikunthapurramuloo,Action,7.4,Allu Arjun,Trivikram Srinivas,S. Thaman,Arijit Singh,Butta Bomma,70,95,2022,https://encrypted-tbn0.gstatic.com/images?q=tbn:ANd9GcSNbcbDm_BFh4LXRPu8WTJjedhXgcDTV34g2f6ZtZDRErslORaHIS4o6qE6JmiWCNIdj4Grbg,https://youtu.be/zi_Ue2W-Wik?si=b1xVZAArM1htPHup,Netflix,U/A 7+,
192,Jawan,Action,7.8,Shah Rukh Khan,Atlee,Anirudh Ravichander,Arijit Singh,Chaleya,300,1070,2023,https://encrypted-tbn0.gstatic.com/images?q=tbn:ANd9GcR3giEteXGggow1hYtpRIuy3bDLO_Z9aoximYp_tuFK0Bb0N_fnmPaChKv1l_mgBxiiOwN3,https://youtu.be/MWOlnZSnXJo?si=ERu9C7IQk-wXWZKd,Netflix,U/A 16+,
193,Rocky Aur Rani Ki Prem Kahani,Romance,7.1,Alia Bhatt,Karishma K,Shankar-Ehsaan-Loy,Arijit Singh,What Jhumka,100,150,2023,https://encrypted-tbn3.gstatic.com/images?q=tbn:ANd9GcTA1mjqz-MKcCvceqeTVes5u9NGI3RttkxPVY8ISWUYx_PCZpESKgAwHr9CF4B6twtaF-aZ,https://youtu.be/6mdxy3zohEk?si=1dxDvxk5xuxX8PMn,Amazon Prime Video,U/A 13+,
194,Satyaprem Ki Katha,Romance,7.2,Kartik Aaryan,Sameer Vidwans,Hansal Mehta,Kailasa,Suno,70,150,2023,https://encrypted-tbn0.gstatic.com/images?q=tbn:ANd9GcRNS7th8eTYZWYl08jXLFbFRlzeGWjmmbIcLsNwgNeC1zgWbTXZMGrx19hxiLte3MWfpeTc,https://youtu.be/8EPJiFfWRfw?si=iw6QtPpUgtkNotq4,Amazon Prime Video,U/A 13+,
195,Dunki,Drama,8.2,"Shah Rukh Khan,Vicky Kaushal",Raajkumar Hirani,Ajay-Atul,Shreya Ghoshal,Mera Waqt,150,950,2023,https://encrypted-tbn2.gstatic.com/images?q=tbn:ANd9GcQxkby84bRNSkgl3IjPwQy1QaWyENYytNUn4h0jG4l4WJv3hV8VEh67Y_wFw9dgmrfSCVHWIw,https://youtu.be/Zd69FfhBmSc?si=DEnge6fu5Xtv_oVU,Netflix,U/A 13+,
196,Shehzada,Action,5.8,Kartik Aaryan,David Dhawan,Anu Malik,Arijit Singh,Tumse Pyaar,85,120,2023,https://encrypted-tbn2.gstatic.com/images?q=tbn:ANd9GcT6ZvaVmtQfWZGb0EOE5TUpRXiDNEUYicnNbXc8sQzfvpIjTSlrrZ2-xsDAhetXDjYqRvTW,https://youtu.be/vbSGPIS2_ao?si=6qRel7Ai7KXbIgMw,Netflix,U/A 13+,
197,Bholaa,Action,7,Ajay Devgn,Ajay Devgn,Amjad Nadeem,Neha Kakkar,Bholaa Re,100,400,2023,https://encrypted-tbn3.gstatic.com/images?q=tbn:ANd9GcTAycVDMJpmlxxI1OV-ro-IEipfY2_cDg5LvQAT2_jmYp7hCN2_1MpSEy-hOwffrevU-3pzaQ,https://youtu.be/K-EMszLvRIQ?si=DwjWtA6nBaKGTj-c,Amazon Prime Video,U/A 16+,
198,Tu Jhoothi Main Makkar,Romance,7,Ranbir Kapoor,Luv Ranjan,Pritam,Neha Kakkar,Phoolon Ka Taron,70,150,2023,https://encrypted-tbn3.gstatic.com/images?q=tbn:ANd9GcSE_Jimcd-XMUV_rWPIyexAH9POJEO7s8l2dvMHeoAgl5EgrxPhROB4ZgCafEad2QS9jK-K0A,https://youtu.be/JzGGF4JPFIQ?si=110lnmLW4A5_FgPV,Netflix,U/A 13+,
199,The Kerala Story,Drama,8.1,Adah Sharma,Sujoy Ghosh,Jeet Gannguli,Arijit Singh,The Kerala Song,50,200,2023,https://encrypted-tbn0.gstatic.com/images?q=tbn:ANd9GcT_SCnqF9nQlt-tCOKh-rUDJSwt6sjO-FGcfjp3T615bk0sSRGC,https://youtu.be/3Jk3vquJDGs?si=r10AB58ZHeCFknAp,ZEE5,U/A 18+,
200,Ponniyin Selvan 2,Action,7.8,Vikram,Mani Ratnam,A.R. Rahman,Sadhana Sargam,Kundalini,350,500,2023,https://encrypted-tbn3.gstatic.com/images?q=tbn:ANd9GcSqusjlRaMBXB-TZD4MlcEG6lBYIERM97CmyBy_mEG_dEK2zKIgqHW9R_IKgkDaoPkpN4fkdQ,https://youtu.be/COzpKzCmf6c?si=fkMnfVW-ncQ-fp6S,Amazon Prime Video,U/A 13+,
201,Zara Hatke Zara Bachke,Romance,7.5,Varun Dhawan,Shashank Khaitan,Anupam Roy,Shreya Ghoshal,Chalte Chalte,60,130,2023,https://encrypted-tbn1.gstatic.com/images?q=tbn:ANd9GcRcVDQ1LQ4h7EqTp9p06gnzj5VC6-sLUJrEKHGVM3sDVxQmoySV9vWwJfhcPvBPF3CiqK2w,https://youtu.be/ziK8HzNk04A?si=pGaq4MCKaq2bnOyB,JioCinema,U/A 13+,
202,Jai Bhim,Drama,8.9,Suriya,Tha. Ra. Su. Kannan,Yuvan Shankar Raja,S.P. Balasubrahmanyam,Jai Bhim,40,200,2023,https://encrypted-tbn0.gstatic.com/images?q=tbn:ANd9GcTFbXxEfLTuFL6-r184rnD_o3DzqThzc7naXvOXVLbG6gHyN1Td3CU9hZEi9JjlEiF4G75gSw,https://youtu.be/nnXpbTFrqXA?si=qrAl-frGL8ipR-Fa,Amazon Prime Video,U/A 16+,
203,Chup,Thriller,6.6,Sunny Deol,R. Balki,Sandeep Shirodkar,Asha Bhosle,Chup Ke,45,100,2023,https://encrypted-tbn0.gstatic.com/images?q=tbn:ANd9GcSXtV5m_TjlL-GQPBK0hlCsC7BxgePJ8_Z3hg&s,https://youtu.be/V51sMMFMWqg?si=Cqs8JSNZLDVQwDR3,ZEE5,U/A 16+,
204,Fighter,Action,7.4,Hrithik Roshan,Sidharth Anand,Ankit Tiwari,Neha Kakkar,Fighter Anthem,200,500,2023,https://encrypted-tbn1.gstatic.com/images?q=tbn:ANd9GcQFNMueuf7XNs4Mw5ezAGNuZNuYoz0ypnqOacBvLpKlc6mvBC-RzdkQO65kJptmkLOnrDbG,https://youtu.be/6amIq_mP4xM?si=dAvNU4wGTWbxQS_N,Netflix,U/A 16+,
205,Yaariyan 2,Comedy,6.3,Peyush Bansal,Anupama Deshpande,Arijit Singh,Mithoon,Tum Jo Aaye,50,100,2023,https://encrypted-tbn2.gstatic.com/images?q=tbn:ANd9GcQzZTlX-q2SU-a_P6cYwUltifpeWFpkS2NXPiXpSJlnlBnuhVjT_Lamu7sPklvTqzuM2sPFWA,https://youtu.be/XRgVik3IsPU?si=orU_qrX-7ldhqG_B,Amazon Prime Video,U/A 13+,
206,Kisi Ka Bhai Kisi Ki Jaan,Action,5.7,Salman Khan,Fahad Samji,Manoj Muntashir,Sung by Mika Singh,Mere Kisse,150,380,2023,https://encrypted-tbn3.gstatic.com/images?q=tbn:ANd9GcRFVdQFiuUsRBmAg7ilWd3l6mODYMYQqhsKWKvr4_WHVC-GcU0X0lQrbj4liLKtK01GxOky4g,https://youtu.be/bsi8_9EoYyg?si=2C9qXv3Y2l001LW0,ZEE5,U/A 13+,
207,Tariq,Thriller,7.1,John Abraham,Ali Abbas Zafar,Ajay-Atul,Neha Kakkar,Tariq Anthem,100,250,2023,https://encrypted-tbn0.gstatic.com/images?q=tbn:ANd9GcRtWffY1j7Mq5fN6Q6JCv7w9bJSWZ91qz-2mw&s,https://youtu.be/OeZpjLCHDO0?si=vilSejA3JCwInkSg,Amazon Prime Video,U/A 13+,
208,Aankh Micholi,Comedy,6.5,Vicky Kaushal,Shashank Khaitan,Sanjeev S.,Kailasa,Chupke Se,75,180,2023,https://assets-in.bmscdn.com/discovery-catalog/events/et00127332-cdjpbsxzmk-landscape.jpg,https://youtu.be/KBuUqcJ5rco?si=9cz1UfHclGyTwzwk,SonyLIV,U/A 7+,
209,Teri Baaton Mein Aisa Uljha Jiya,"Romance, Drama, Comedy, Sci-Fi",6.2,"Shahid Kapoor, Kriti Sanon, Dharmendra","Amit Joshi, Aradhana Sah","Tanishk Bagchi, Sachin-Jigar, Mitraz","Tanishk Bagchi, Romy, Mitraz, Raghav, Asees Kaur, Talwiinder, MC SQUARE, 	SachinJigar, Varun Jain, Raghav Chaitanya","Laal Peeli Akhiyaan, Akhiyaan Gulaab, Teri Baaton Mein Aisa Uljha Jiya, Tum Se, Gallan",75,133.64,2024,https://encrypted-tbn3.gstatic.com/images?q=tbn:ANd9GcRNOiE-he19aUWG88MDN-nyEPTyAYkHgVlTyj4YauRlUl9I6vcM,https://youtu.be/w_N6d4ec79c?si=W3HO0ch1LkBuQkpa,Amazon Prime Video,U/A 13+,
210,Stree 2,"Horror, Comedy",7,"Rajkumar Rao, Shraddha Kapoor, Pankaj Tripathi,Aparshakti Khurana, Varun Dhawan",Amar Kaushik,"SachinJigar, Justin Varghese, Badshah, Jigar Saraiya, Sachin Sanghvi","Madhubanti Bagch, Divya Kumar, Pawan Singh, Vishal Mishra, Shilpa Rao, Varun Jain, Simran Choudhary","Aaj Ki Raat, Khoobsurat, Aayi Nai,Tumhare Hi Rahenge Hum, Kati Raat Mene Kheto Me Tu Aayi Na",60,874.58,2024,https://upload.wikimedia.org/wikipedia/en/a/a1/Stree_2.jpg,https://youtu.be/KVnheXywIbY?si=2LBmzpmPUPX71D5P,Amazon Prime video,U/A 13+,
211,Singham Again,"Action,  Thriller",6,"Akshay Kumar, Ranveer Singh, Tiger Shroff, Kareena Kapoor Khan, Deepika Padukone, Arjun Kapoor, Salman Khan",Rohit Shetty,"Thaman S, Ravi Basrur","Santhosh Venky, Vijay Basrur","Jai Bajrangbali, Singham Again  Title Track,Lady Singham, Raavan Intro, Laxman Theme",360,386.78,2024,https://upload.wikimedia.org/wikipedia/en/0/04/Singham_Again_poster.jpg,https://youtu.be/DovbhJavvfU?si=I8Uv-YjBYpW9-kRe,Amazon Prime Video,U/A 16+,
212,Shaitaan,"Horror, Drama",6.5,"Ajay Devgn, Madhavan, Jyotika",Vikas Bahl,Amit Trivedi,"Siddharth Basrur, Jubin Nautiyal, Raftaar","Khushiyaan Bator Lo, Aisa Main Shaitaan, Shaitaan Theme, Papa Tu Hai Naa",65,211,2024,https://upload.wikimedia.org/wikipedia/en/f/f0/Shaitaan_2024_film_theatrical_poster.jpeg,https://youtu.be/A_HQdwRDRrw?si=u4VTxeILvmRp91Gk,Netflix,U/A 16+,
213,Munjya,"Horro, Comedy",6.4,"Sharvari, Abhay Verma, Mona Singh, Varun Dhawan",Aditya Sarpotdar,"SachinJigar, Justin Varghese, Jigar Saraiya, Sachin Sanghvi","Jasmine Sandlas, Sumonto Mukherjee, SachinJigar, Arijit Singh,  Amitabh Bhattacharya,","Taras, Tainu Khabar Nahi, Hai Jamalo, Lori",30,132.13,2024,https://encrypted-tbn2.gstatic.com/images?q=tbn:ANd9GcT1GDUpRjfz7PxAXjynGSLQiY0F8DwEY0k7mM0kf7vdKXhjaJmq,https://youtu.be/8X3uF80H5LU?si=7BqDVHnYsdnVH-s_,Disney+ Hotstar,U/A 13+,
214,Crew,"Comedy, Drama",5.9,"Tabu, Kareena Kapoor, Kriti Sanon",Rajesh A Krishnan," Diljit Dosanjh, Badshah, Raj Ranjodh, Vishal Mishra, AkshayIP, BhargRohit","Diljit Dosanjh, Badshah, Ila Arun, Romy, Srushti Tawade, B Praak, Asees Kaur","Naina, Ghagra, Choli Ke Peeche, Kiddan Zaalima, Darbadar, Khwabida, Sona Kitna Sona Hai",75,157.08,2024,https://encrypted-tbn2.gstatic.com/images?q=tbn:ANd9GcSOSidPJh4VkfyGoXHdS_N8bC-rKEJvb7eqmWv8MOAEacnfEx-g,https://youtu.be/LH6sHR86t-M?si=_aJxQlRcsQPtMCgU,Netflix,U/A 13+,
215,Bhool Bhulaiyaa 3,"Horror, Comedy, Thriller",5.2,"Kartik Aaryan, Vidya Balan, Madhuri Dixit, Rajpal Yadav",Anees Bazmee,"Tanishk Bagchi, Pritam Chakraborty, Amaal Mallik, SachetParampara","Pitbull, Diljit Dosanjh, Neeraj Shridhar, Aditya Rikhari, Tulsi Kumar, Shreya Ghoshal,Sachet Tandon, Parampara Tandon,Sonu Nigam","Bhool Bhulaiyaa 3 - Title Track, Jaana Samjho Na, Ami Je Tomar 3.0, Beiraada, Hukkush Phukkush, Mere Dholna 3.0",150,411.02,2024,https://upload.wikimedia.org/wikipedia/en/e/e4/Bhool_Bhulaiyaa_3_poster.jpg,https://youtu.be/6YMY62tMLUA?si=q-oSbEnoivwmhT_U,Netflix,U/A 13+,
216,Bad Newz,"Comedy, Drama",4.8,"Vicky Kaushal, Triptii Dimri, Ammy Virk",Anand Tiwari,"Rochak Kohli, Vishal Mishra, Lijo George-DJ Chetas, Prem-Hardeep, Karan Aujla and Abhijeet Srivastava"," Karan Aujla, Vishal Mishra, Abhijeet Srivastava, Jubin Nautiyal,  Shayra Apoorva,  Rochak Kohli, Jubin Nautiyal, Anu Malik","Mere Mehboob Mere Sanam, Haule Haule, Jaanam, Raula Raula, Rabb Warga, Haule Sajna",80,15.74,2024,https://preview.redd.it/posters-of-bad-newz-v0-68yd8k5ao4pc1.jpg?width=1080&crop=smart&auto=webp&s=1ca855ef32b47667803103164cdd41f253405d8f,https://youtu.be/uV50UfcIT68?si=7K5PqsOcybv8wF1l,Amazon Prime Video,U/A 13+,
217,Article 370,"Drama, Thriller",7.8,"Yami Gautam, Priyamani, Vaibhav Tatwawadi",Aditya Suhas Jambhale,Shashwat Sachdev,"Sanjith Hegde,Shashwat Sachdev, Clinton Cerejo, Shehzad Ali, Jubin Nautiyal, Priyanshi Naidu","Ishq Tera, Main Hoon, Aandhi, Dua, Main Tujhe Phir Miloongi, Najariya LoFi Cake Mix, Masters Of The World",20,110.57,2024,https://upload.wikimedia.org/wikipedia/en/b/b2/Article_370_film_poster.jpeg,https://youtu.be/Nwce9WwkcMg?si=VHfMj-v1UDXdB7F2,Netflix,U/A 16+,
218,Merry Christmas,"Thriller, Mystery",6.9,"Katrina Kaif, Vijay Sethupathi, Tinnu Anand",Sriram Raghavan,Pritam,"Ash King, Shalmali Kholgade","Merry Christmas Title Track, Nazar Teri Toofan, Dil Ki Mez",60,26.02,2024,https://upload.wikimedia.org/wikipedia/en/b/b0/Merry_Christmas_film_poster.jpg,https://youtu.be/EK4o81P5Lrc?si=6y8pE9T7sNfyUM5s,Netflix,U/A 16+,
219,Main Atal Hoon,"Biography, Drama",6.9,"Mahmood Hashmi, Pankaj Tripathi, Benedict Garrett","Ravi Jadhav, Javed Karim","Kailash Kher, SalimSulaiman, Amitraj, Payal Dev, Monty Sharma","Jubin Nautiyal, Amitraj, Kailash Kher, Chorus, Amitraj, Kailash Kher, Chorus, Sonu Nigam","Desh Pehle, Ram Dhun, Hindu Tan-Man, Ankaha, Main Atal Hoon Theme",20,8.65,2024,https://encrypted-tbn2.gstatic.com/images?q=tbn:ANd9GcQqt0XTqcqzADfTgWpCb6QOhNHeleZb7WsbAReDQ3B2MMDge2Nb,https://youtu.be/zasckclx0Gc?si=KKB7cQFZJobPP0fU,ZEE5,U/A 16+,
220,Bhakshak,"Action, Thriller",7.2,"Bhumi Pednekar, Sanjay Mishra, Aditya Srivastav",Pulkit,"Anurag Sukla, Anuj Garg","Megha Sriram Dalton, Anurag Saikia, Romy,  Yajat Garg","Ganga, Shamil Hai, Chanda",20,NA,2024,https://upload.wikimedia.org/wikipedia/en/b/b6/Bhakshak_film_poster.jpg,https://youtu.be/hWE6B3g6d5c?si=9Ui1NCHRpYIzKWyq,Netflix,U/A 16+,
221,Laapataa Ladies,"Drama, Comedy",8.4,"Nitanshi Goel, Pratibha Ranta, Sparsh Shrivastava",Kiran Rao,Ram Sampath,"Sukhwinder Singh, Arijit Singh, Shreya Ghoshal, 	Sona Mohapatra","Doubtwa, Sajni, Dheeme Dheeme,Beda Paar",5,25.26,2023,https://upload.wikimedia.org/wikipedia/en/5/52/Laapataa_Ladies_poster.jpg,https://youtu.be/tF1JN2pT_sM?si=UtJk_NRQr4W7f9t1,Netflix,U/A 16+,
222,Operation Valentine,"Romance, Drama",5.3,"Varun Tej, Manushi Chhillar, Paresh Pahuja",Shakti Pratap Singh,Mickey J Meyer,"Kunal Kundu, Shaan, Armaan Malik, Ramya Behara, Anurag Kulkarni","Vande Mataram,, Rab Hain Gawah, Gaganaala, Annee Nuvve Ammaku, Prabhavinche",50,12.4,2024,https://upload.wikimedia.org/wikipedia/en/4/4e/Operation_Valentine_%28film%29.jpg,https://youtu.be/DrPEnrhbX4Y?si=AVmPpliNS4u69NBC,Amazon Prime Video,U/A 16+,
223,Yodha,"Action, Thriller",5.7,"Sidharth Malhotra, Raashi Khanna, Disha Patani","Sagar Ambre, Pushkar Ojha","John Stewart Eduri, B. Praak, Aditya Dev, Tanishk Bagchi, Kaushal Kishore, Kunaal Vermaa, Manoj Muntashir","Vishal Mishra, Ammy Virk, B Praak, Arijit Singh, Neeti Mohan","Zindagi Tere Naam, Qismat Badal Di, Tere Sang Ishq Hua, Tiranga, Zindagi Tere Naam, Yodha Theme",55,52,2024,https://encrypted-tbn2.gstatic.com/images?q=tbn:ANd9GcSXWsfnWxAXrl5QKG3BfMymo1fFlt3s-WSvj5je85qwxu7AFQig,https://youtu.be/3AuB8RTfBJc?si=dXV1belKmYKnYNJi,Amazon Prime Video,U/A 16+,
224,Murder Mubarak,"Mystery, Thriller",5.9,"Pankaj Tripathi, Sara Ali Khan, Vijay Varma",Homi Adajania, SachinJigar," Sachin-Jigar, Simran Choudhary, Varun Jain, The Rish, Raghav, Asees Kaur,  Shilpa Rao, Yashraj, Prakriti Kakar","Yaad Aave, Killer Killer, Bhola Bhala Baby, Murder Mubarak - Title Track",50,NA,2024,https://upload.wikimedia.org/wikipedia/en/4/41/Murder_Mubarak_poster.jpg,https://youtu.be/vBQcU00U9O0?si=Y7v1pWO0vGJZtlji,Netflix,U/A 16+,
225,Madgaon Express,"Comedy, Drama",7,"Divyendu Sharma, Pratik Gandhi, Avinash Tiwary",Kunal Kemmu,"Shaarib & Tosh,, Ankur Tewari, Kunal Kemmu","Ajay Gogavale,Nikhita Gandhi, Sharib-Toshi, Benny Dayal, Akasa Singh, Kunal Khemu, Nathan DSouza,Toshi Sabri, D'Evil,Srushti Srushti Tawade","Baby Bring It On, Raaton Ke Nazaare, Not Funny, Hum Yahin,Bohot Bhaari, Whos Your Mommy, Mamo Chitte",30,48.98,2024,https://upload.wikimedia.org/wikipedia/en/1/1f/Madgaon_Express_film_poster.jpg,https://youtu.be/B7VP47oCZfE?si=B39ViS3mrNO_zFhD,Amazon Prime Video,U/A 16+,
226,Bhaiyya Ji,"Action, Comedy",4.8,"Manoj Bajpayee, Vipin Sharma, Zoya Hussain",Apoorv Singh Karki,"Manoj Tiwari, Deepak Thakur, Sandeep Chowta","Manoj Tiwari, Deepak Thakur, Malini Awasthi","Baagh Ka Kareja, Chakka Jaam",20,11.52,2024,https://upload.wikimedia.org/wikipedia/en/1/15/BHAIYYA_JI_POSTER.jpeg,https://youtu.be/vnihTJqfVEE?si=3Bn7z1TBPFvh0a6g,ZEE5,U/A 16+,
227,Mr. & Mrs. Mahi,"Romance, Drama",5.9,"Rajkummar Rao, Janhvi Kapoor, Rajesh Sharma",Sharan Sharma,"Tanishk Bagchi, Vishal Mishra, Rajiv Arora","Mohammad Faiz, Jubin Nautiyal, Vishal Mishra, Hunny-Bunny, Sagar, Achint, Kavita Seth, Laqshay Kapoor, Neeti Mohan","Dekhha Tenu, Agar Ho Tum, Roya Jab Tu, Tu Hain Toh, Junoon Hain, Ranjhana",40,51.96,2024,https://encrypted-tbn0.gstatic.com/images?q=tbn:ANd9GcSSetbv1SDWamdAnl97mhxNCyDS-6VI4a59YYvbB98hwaP6iRs-,https://youtu.be/vB7OiVfmEDM?si=G_5IxqHUoSNz0Rmn,Netflix,U/A 16+,
228,Chandu Champion,"Drama, Sports",7.9,"Kartik Aaryan, Vijay Raaz, Bhuvan Arora",Kabir Khan,"Pritam Chakraborty, Julius Packiam","Arijit Singh, Nakash Aziz, Dev Negi, Amit Mishra, Sreerama Chandra, Mame Khan, Kailash Waghmare, Darshan Raval, Shaan, Mohammad Irfan","Satyanaas, Tu Hai Champion, Sarphira, Na Door Hai Na Paas Hai, Jeet Ka Geet",140,88.73,2024,https://encrypted-tbn0.gstatic.com/images?q=tbn:ANd9GcSDJUrajH_S5o--qBm332sE5h_Up9Ci11qsT5DfkVbTk24Sq4g6,https://youtu.be/IHQQK_Wn5DM?si=wrb8kzWJcQI2Gtat,Amazon Prime Video,U/A 16+,
229,Ishq Vishk Rebound,"Romance, Comedy",5.9,"Rohit Saraf, Pashmina Roshan, Jibraan Khan",Nipun Dharmadhikari,"Rochak Kohli, Badshah, Ketan Sodha","Sonu Nigam, Nikhita Gandhi, Mellow D, Darshan Raval, Jonita Gandhi, Rochak Kohli, Udit Narayan, Asees Kaur, Varun Jain, Badshah","Ishq Vishk Pyaar Vyaar, Soni Soni, Chot Dil Pe Lagi, Gore Gore Mukhde Pe, Rehmat, Jaavi Na",NA,6.13,2024,https://encrypted-tbn3.gstatic.com/images?q=tbn:ANd9GcRvodbmiUyy3cFdkHSz8qX8tKrH5yxqVk1bDgEXzTzbCQ2sq7Nt,https://youtu.be/oip7nX8yKN4?si=LnsZmqoVNLFB9YFn,Netflix,U/A 16+,
230,Kill,"Action, Thriller",7.6,"Lakshya, Raghav Juyal, Tanya Maniktala",Nikhil Nagesh Bhat,"Sunidhi Chauhan, Shashwat Sachdev, Ketan Sodha, Vikram Montrose","Sudhir Yaduvanshi, Sanj V, Shashwat Sachdev, Rekha Bhardwaj, Monu Rathod, Vikram, Montrose, Shashwat Singh","Kill, Nikat, Jaako Raakhe Saaiyan",40,47.12,2024,https://encrypted-tbn3.gstatic.com/images?q=tbn:ANd9GcSPHZ-SinZb2yG9GctQDMIzd1PBVM-r6E_MAz3kAaXe25vqjUyx,https://youtu.be/y2HZqeVeBNc?si=7GQTEOaubMlVmQHR,Netflix,U/A 16+,
231,Khel Khel Mein,"Drama, Comedy",6.5,"Akshay Kumar, Ammy Virk, Taapsee Pannu",Mudassar Aziz,"Tanishk Bagchi, Guru Randhawa, Rochak Kohli, B Praak, Aparshakti Khurana","Guru Randhawa,Yo Yo Honey Singh,Neha Kakkar, Vishal Mishra, Zahrah S Khan, Nabeel Shaukat Ali, Diljit Dosanjh","Hauli Hauli, Duur Na Karin, Do U Know, Chal Ve Dilaa, Baari Barsi",75,56.78,2024,https://upload.wikimedia.org/wikipedia/en/5/5b/Khel_Khel_Mein_poster.jpg,https://youtu.be/iP-l9zQEL3U?si=F9dQdX8UzdItJnrq,Netflix,U/A 16+,
232,Sector 36,"Thriller, Action",7.1,"Vikrant Massey, Deepak Dobriyal, Akash Khurana",Aditya Nimbalkar,"Kanishk Seth, Gourov Dasgupta, OAFF and Savera, Dhunkey, Ketan Sodha","Mohit Chauhan, Anupam Amod, Kanishk Seth, Amit Mishra, Kamakshi Khanna","Damroo, Saaya, Maan Kafira, Ruan",NA,NA,2024,https://upload.wikimedia.org/wikipedia/en/d/d1/Sector_36.jpg,https://youtu.be/eES65pr2POM?si=Vo05tn2GbZUMOZZ3,Netflix,U/A 16+,
233,Vicky Vidya Ka Woh Wala Video,Comedy,6.1,"Rajkummar Rao, Triptii Dimri, Vijay Raaz",Raaj Shaandilyaa,"SachinJigar, Hitesh Sonik","Vishal Mishra, Sachin-Jigar, Shilpa Rao, Sachet Tandon, Hansika Pareek, Pawan Singh, Rupali Jagga, Rupesh Mishra, Mansa Jimmy, Varun Jain, Sunidhi Chauhan","Tum Jo Mile Ho, Mere Mehboob, Mushkil Hai, Chumma, Marjaaniya, Sajna Ve Sajna, Na Na Na Na Na Re",NA,55.51,2024,https://upload.wikimedia.org/wikipedia/en/4/4e/Vicky_Vidya_Ka_Woh_Wala_Video.jpg,https://youtu.be/4liP09haI9g?si=cyK9Nd4qev_pdAcr,Netflix,U/A 16+,
234,Do Patti,"Drama, Thriller",6.6,"Kajol, Kriti Sanon, Shaheer Sheikh",Shashanka Chaturvedi,"SachetParampara, Tanishk Bagchi, Anurag Saikia","Parampara Thaku, Shilpa Rao, Mellow D, Shreya Ghoshal, Sachet Tandon","Raanjhan, Akhiyaan De Kol, Jaadu, Maiyya, Thaaein Thaaein",NA,NA,2024,https://upload.wikimedia.org/wikipedia/en/9/9b/Do_Patti.jpg,https://youtu.be/b6Z_RYC8IAQ?si=Nvm5L8ATupPTTq_E,Netflix,U/A 16+,
235,Srikanth,"Drama, Action",7.4,"Rajkummar Rao, Jyotika, Alaya F",Tushar Hiranandani,"Srikanth Deva, Ishaan Chhabra, Ved Sharma, SachetParampara, Tanishk Bagchi, Krishan Kumar"," Bagchi	Jubin Nautiyal, Tulsi Kumar, Udit Narayan, Sachet Tandon, Parampara Thakur, 	Arijit Singh, Ved Sharma","Papa Kehte Hain, Tu Mil Gaya, Tumhe Hi Apna Maana Hai, Jeena Sikha De",35,62.92,2024,https://upload.wikimedia.org/wikipedia/en/8/88/Srikanth_film_poster.jpg,https://youtu.be/OMeuJP5iBWY?si=j9lquoXeNSRQKOL7,Netflix,U/A 16+,
236,12thfail,"Drama, Inspirational,Biography",8.8,"Vikrant Massey, Medha Shankr, Anant Joshi",Vidhu Vinod Chopra,Shantanu Moitra,"Shaan, Shreya Ghoshal, Vidhu Vinod Chopra, Swanand Kirkire, Raftaar, Vidhu Vinod Chopra, Shantanu Moitra, Medha Shankar","Bolo Na, Restart",20,69.64,2023,https://upload.wikimedia.org/wikipedia/en/f/f2/12th_Fail_poster.jpeg,https://youtu.be/WeMJo701mvQ?si=Nw_HaUExe-ZupOwZ,Disney+ Hotstar,U/A 16+,
